the,這,a
be,是,v
and,和,c
of,的,i
a,一個,a
in,在,i
to,到,t
have,有,v
to,到,i
it,它,p
I,我,p
that,那,c
for,為了,i
you,你,p
he,他,p
with,和,i
on,在,i
do,做,v
say,說,v
this,這,d
they,他們,p
at,在,i
but,但,c
we,我們,p
his,他的,a
from,從,i
that,那,d
not,不是,x
n't,不,x
by,經過,i
she,她,p
or,或者,c
as,作為,c
what,什麼,d
go,去,v
their,他們的,a
can,能,v
who,世界衛生組織,p
get,得到,v
if,如果,c
would,會,v
her,她,a
all,全部,d
my,我的,a
make,製作,v
about,關於,i
know,知道,v
will,將要,v
as,作為,i
up,向上,r
one,一,m
time,時間,n
there,那裡,e
year,年,n
so,所以,r
think,思考,v
when,什麼時候,c
which,哪個,d
them,他們,p
some,一些,d
me,我,p
people,人們,n
take,拿,v
out,出去,r
into,進入,i
just,只是,r
see,看,v
him,他,p
your,你的,a
come,來,v
could,可以,v
now,現在,r
than,比,c
like,喜歡,i
other,其他,j
how,如何,r
then,然後,r
its,它是,a
our,我們的,a
two,二,m
more,更多的,r
these,這些,d
want,想,v
way,方式,n
look,看,v
first,第一的,m
also,也,r
new,新的,j
because,因為,c
day,天,n
more,更多的,d
use,使用,v
no,不,a
man,男人,n
find,尋找,v
here,這裡,r
thing,事物,n
give,給,v
many,許多,d
well,出色地,r
only,僅有的,r
those,那些,d
tell,告訴,v
one,一,p
very,非常,r
her,她,p
even,甚至,r
back,後退,r
any,任何,d
good,好的,j
woman,女士,n
through,透過,i
us,我們,p
life,生活,n
child,孩子,n
there,那裡,r
work,工作,v
down,向下,r
may,可能,v
after,後,i
should,應該,v
call,稱呼,v
world,世界,n
over,超過,i
school,學校,n
still,仍然,r
try,嘗試,v
in,在,r
as,作為,r
last,最後的,m
ask,問,v
need,需要,v
too,也,r
feel,感覺,v
three,三,m
when,什麼時候,r
state,狀態,n
never,絕不,r
become,變得,v
between,之間,i
high,高的,j
really,真的,r
something,某物,p
most,最多,r
another,其他,d
much,很多,d
family,家庭,n
own,自己的,d
out,出去,i
leave,離開,v
put,放,v
old,老的,j
while,儘管,c
mean,意思是,v
on,在,r
keep,保持,v
student,學生,n
why,為什麼,r
let,讓,v
great,偉大的,j
same,相同的,d
big,大的,j
group,團體,n
begin,開始,v
seem,似乎,v
country,國家,n
help,幫助,v
talk,演講,v
where,在哪裡,c
turn,轉動,v
problem,問題,n
every,每一個,a
start,開始,v
hand,手,n
might,可能,v
American,美國人,j
show,展示,v
part,部分,n
about,關於,r
against,反對,i
place,地方,n
over,超過,r
such,這樣的,d
again,再次,r
few,很少,d
case,案件,n
most,最多,d
week,星期,n
company,公司,n
where,在哪裡,r
system,系統,n
each,每個,d
right,正確的,r
program,程式,n
hear,聽到,v
so,所以,c
question,問題,n
during,期間,i
work,工作,n
play,玩,v
government,政府,n
run,跑步,v
small,小的,j
number,數位,n
off,離開,r
always,總是,r
move,移動,v
like,喜歡,v
night,夜晚,n
live,居住,v
Mr,先生,n
point,觀點,n
believe,相信,v
hold,抓住,v
today,今天,r
bring,帶來,v
happen,發生,v
next,下一個,m
without,沒有,i
before,前,i
large,大的,j
all,全部,r
million,百萬,m
must,必須,v
home,家,n
under,在下面,i
water,水,n
room,房間,n
write,寫,v
mother,母親,n
area,區域,n
national,國家的,j
money,錢,n
story,故事,n
young,年輕的,j
fact,事實,n
month,月,n
different,不同的,j
lot,很多,n
right,正確的,n
study,學習,n
book,書,n
eye,眼睛,n
job,工作,n
word,單字,n
though,儘管,c
business,商業,n
issue,問題,n
side,邊,n
kind,種類,n
four,四,m
head,頭,n
far,遠的,r
black,黑色的,j
long,長的,j
both,兩個都,d
little,小的,j
house,房子,n
yes,是的,u
after,後,c
since,自從,c
long,長的,r
provide,提供,v
service,服務,n
around,大約,i
friend,朋友,n
important,重要的,j
father,父親,n
sit,坐,v
away,離開,r
until,直到,c
power,力量,n
hour,小時,n
game,遊戲,n
often,常,r
yet,然而,r
line,線,n
political,政治的,j
end,結尾,n
among,之中,i
ever,曾經,r
stand,站立,v
bad,壞的,j
lose,失去,v
however,然而,r
member,成員,n
pay,支付,v
law,法律,n
meet,見面,v
car,車,n
city,城市,n
almost,幾乎,r
include,包括,v
continue,繼續,v
set,放,v
later,之後,r
community,社群,n
much,很多,r
name,姓名,n
five,五,m
once,一次,r
white,白色的,j
least,至少,r
president,總統,n
learn,學習,v
real,真實的,j
change,改變,v
team,團隊,n
minute,分分鐘,n
best,最好的,j
several,一些,d
idea,主意,n
kid,孩子,n
body,身體,n
information,資訊,n
nothing,沒有什麼,p
ago,前,r
right,正確的,j
lead,帶領,v
social,社會的,j
understand,理解,v
whether,無論,c
back,後退,n
watch,手錶,v
together,一起,r
follow,跟隨,v
around,大約,r
parent,家長,n
only,僅有的,j
stop,停止,v
face,臉,n
anything,任何事物,p
create,創造,v
public,民眾,j
already,已經,r
speak,說話,v
others,其他的,n
read,讀,v
level,等級,n
allow,允許,v
add,添加,v
office,辦公室,n
spend,花費,v
door,門,n
health,健康,n
person,人,n
art,藝術,n
sure,當然,j
such,這樣的,i
war,戰爭,n
history,歷史,n
party,派對,n
within,之內,i
grow,生長,v
result,結果,n
open,打開,v
change,改變,n
morning,早晨,n
walk,走,v
reason,原因,n
low,低的,j
win,贏,v
research,研究,n
girl,女孩,n
guy,傢伙,n
early,早期的,j
food,食物,n
before,前,c
moment,片刻,n
himself,他自己,p
air,空氣,n
teacher,老師,n
force,力量,n
offer,提供,v
enough,足夠的,r
both,兩個都,r
education,教育,n
across,穿過,i
although,雖然,c
remember,記住,v
foot,腳,n
second,第二,m
boy,男生,n
maybe,或許,r
toward,朝向,i
able,有能力的,j
age,年齡,n
off,離開,i
policy,政策,n
everything,一切,p
love,愛,v
process,過程,n
music,音樂,n
including,包括,i
consider,考慮,v
appear,出現,v
actually,實際上,r
buy,買,v
probably,大概,r
human,人類,j
wait,等待,v
serve,服務,v
market,市場,n
die,死,v
send,傳送,v
expect,預計,v
home,家,r
sense,感覺,n
build,建造,v
stay,停留,v
fall,落下,v
oh,哦,u
nation,國家,n
plan,計劃,n
cut,切,v
college,大學,n
interest,興趣,n
death,死亡,n
course,課程,r
someone,某人,p
experience,經驗,n
behind,在後面,i
reach,抵達,v
local,當地的,j
kill,殺,v
six,六,m
remain,保持,v
effect,影響,n
use,使用,n
yeah,是的,u
suggest,建議,v
class,班級,n
control,控制,n
raise,增加,v
care,關心,n
perhaps,也許,r
little,小的,r
late,晚的,j
hard,難的,j
field,場地,n
else,別的,r
pass,經過,v
former,以前的,d
sell,賣,v
major,主要的,j
sometimes,有時,r
require,要求,v
along,沿著,i
development,發展,n
themselves,他們自己,p
report,報告,v
role,角色,n
better,更好的,j
economic,經濟的,j
effort,努力,n
up,向上,i
decide,決定,v
rate,速度,n
strong,強的,j
possible,可能的,j
heart,心,n
drug,藥物,n
show,展示,n
leader,領導者,n
light,光,n
voice,嗓音,n
wife,妻子,n
whole,所有的,j
police,警察,n
mind,頭腦,n
finally,最後,r
pull,拉,v
return,返回,v
free,自由的,j
military,軍隊,j
price,價格,n
report,報告,n
less,較少的,r
according,根據,i
decision,決定,n
explain,解釋,v
son,兒子,n
hope,希望,v
even,甚至,c
develop,發展,v
view,看法,n
relationship,關係,n
carry,攜帶,v
town,鎮,n
road,路,n
drive,駕駛,v
arm,手臂,n
TRUE,真的,j
federal,聯邦,j
break,休息,v
better,更好的,r
difference,不同之處,n
thank,感謝,v
receive,收到,v
value,價值,n
international,國際的,j
building,大樓,n
action,行動,n
full,滿的,j
model,模型,n
join,加入,v
season,季節,n
society,社會,n
because,因為,i
tax,稅,n
director,導演,n
early,早期的,r
position,位置,n
player,玩家,n
agree,同意,v
especially,尤其,r
record,記錄,n
pick,挑選,v
wear,穿,v
paper,紙,n
special,特別的,j
space,空間,n
ground,地面,n
form,形式,n
support,支援,v
event,事件,n
official,官方的,n
whose,誰,d
matter,事,n
everyone,每個人,p
center,中心,n
couple,夫妻,n
site,地點,n
end,結尾,v
project,專案,n
hit,打,v
base,根據,v
activity,活動,n
star,星星,n
table,桌子,n
need,需要,n
court,法庭,n
produce,生產,v
eat,吃,v
American,美國人,n
teach,教,v
oil,油,n
half,一半,d
situation,情況,n
easy,簡單的,j
cost,成本,n
industry,產業,n
figure,數位,n
face,臉,v
street,街道,n
image,影像,n
itself,本身,p
phone,電話,n
either,任何一個,r
data,數據,n
cover,覆蓋,v
quite,相當,r
picture,圖片,n
clear,清除,j
practice,實踐,n
piece,片,n
land,土地,n
recent,最近的,j
describe,描述,v
product,產品,n
doctor,醫生,n
wall,牆,n
patient,病人,n
worker,勞工,n
news,訊息,n
test,測試,n
movie,電影,n
certain,肯定,j
north,北,n
love,愛,n
personal,個人的,j
open,打開,j
support,支援,n
simply,簡單地,r
third,第三,m
technology,科技,n
catch,抓住,v
step,步,n
baby,嬰兒,n
computer,電腦,n
type,類型,n
attention,注意力,n
draw,畫,v
film,電影,n
Republican,共和黨,n
tree,樹,n
source,來源,n
red,紅色的,j
nearly,幾乎,r
organization,組織,n
choose,選擇,v
cause,原因,v
hair,頭髮,n
look,看,n
point,觀點,v
century,世紀,n
evidence,證據,n
window,窗戶,n
difficult,難的,j
listen,聽,v
soon,很快,r
culture,文化,n
billion,十億,m
chance,機會,n
brother,兄弟,n
energy,活力,n
period,時期,n
course,課程,n
summer,夏天,n
less,較少的,d
realize,意識到,v
hundred,百,m
available,可用的,j
plant,植物,n
likely,可能,j
opportunity,機會,n
term,學期,n
short,短的,j
letter,信,n
condition,狀態,n
choice,選擇,n
place,地方,v
single,單身的,j
rule,規則,n
daughter,女兒,n
administration,行政,n
south,南,n
husband,丈夫,n
Congress,國會,n
floor,地面,n
campaign,活動,n
material,材料,n
population,人口,n
well,出色地,i
call,稱呼,n
economy,經濟,n
medical,醫療的,j
hospital,醫院,n
church,教會,n
close,關閉,v
thousand,千,m
risk,風險,n
current,目前的,j
fire,火,n
future,未來,n
wrong,錯誤的,j
involve,涉及,v
defense,防禦,n
anyone,任何人,p
increase,增加,v
security,安全,n
bank,銀行,n
myself,我,p
certainly,當然,r
west,西方,n
sport,運動,n
board,木板,n
seek,尋找,v
per,每,i
subject,主題,n
officer,官,n
private,私人的,j
rest,休息,n
behavior,行為,n
deal,交易,v
performance,表現,n
fight,鬥爭,v
throw,丟,v
top,頂部,n
quickly,迅速地,r
past,過去的,j
goal,目標,n
second,第二,n
bed,床,n
order,命令,n
author,作者,n
fill,充滿,v
represent,代表,v
focus,重點,v
foreign,外國的,j
drop,降低,v
plan,計劃,v
blood,血,n
upon,之上,i
agency,機構,n
push,推,v
nature,自然,n
color,顏色,n
no,不,r
recently,最近,r
store,店鋪,n
reduce,減少,v
sound,聲音,n
note,筆記,v
fine,美好的,j
before,前,r
near,靠近,i
movement,移動,n
page,頁,n
enter,進入,v
share,分享,v
than,比,i
common,常見的,j
poor,貧窮的,j
other,其他,p
natural,自然的,j
race,種族,n
concern,憂慮,n
series,系列,n
significant,重要的,j
similar,相似的,j
hot,熱的,j
language,語言,n
each,每個,p
usually,通常,r
response,回覆,n
dead,死的,j
rise,上升,v
animal,動物,n
factor,因素,n
decade,十年,n
article,文章,n
shoot,射擊,v
east,東方,n
save,節省,v
seven,七,m
artist,藝術家,n
away,離開,i
scene,場景,n
stock,庫存,n
career,職業,n
despite,儘管,i
central,中央,j
eight,八,m
thus,因此,r
treatment,治療,n
beyond,超過,i
happy,快樂的,j
exactly,確切地,r
protect,保護,v
approach,方法,n
lie,說謊,v
size,尺寸,n
dog,狗,n
fund,基金,n
serious,嚴肅的,j
occur,發生,v
media,媒體,n
ready,準備好,j
sign,符號,n
thought,想法,n
list,清單,n
individual,個人,n
simple,簡單的,j
quality,品質,n
pressure,壓力,n
accept,接受,v
answer,回答,n
hard,難的,r
resource,資源,n
identify,確認,v
left,左邊,j
meeting,會議,n
determine,決定,v
prepare,準備,v
disease,疾病,n
whatever,任何,d
success,成功,n
argue,爭論,v
cup,杯子,n
particularly,特別,r
amount,數量,n
ability,能力,n
staff,職員,n
recognize,認出,v
indicate,表明,v
character,特點,n
growth,生長,n
loss,損失,n
degree,程度,n
wonder,想知道,v
attack,攻擊,n
herself,她自己,p
region,地區,n
television,電視,n
box,盒子,n
TV,電視,n
training,訓練,n
pretty,漂亮的,r
trade,貿易,n
deal,交易,n
election,選舉,n
everybody,大家,p
physical,身體的,j
lay,躺著,v
general,一般的,j
feeling,感覺,n
standard,標準,n
bill,帳單,n
message,訊息,n
fail,失敗,v
outside,外部,i
arrive,到達,v
analysis,分析,n
benefit,益處,n
name,姓名,v
sex,性別,n
forward,向前,r
lawyer,律師,n
present,展示,v
section,部分,n
environmental,環境的,j
glass,玻璃,n
answer,回答,v
skill,技能,n
sister,姊姊,n
PM,午安,r
professor,教授,n
operation,手術,n
financial,金融的,j
crime,犯罪,n
stage,階段,n
ok,好的,r
compare,比較,v
authority,權威,n
miss,錯過,v
design,設計,n
sort,種類,n
one,一,n
act,行為,v
ten,十,m
knowledge,知識,n
gun,槍,n
station,車站,n
blue,藍色的,j
state,狀態,v
strategy,策略,n
little,小的,d
clearly,清楚地,r
discuss,討論,v
indeed,的確,r
force,力量,v
truth,真相,n
song,歌曲,n
example,例子,n
democratic,民主的,j
check,查看,v
environment,環境,n
leg,腿,n
dark,黑暗的,j
public,民眾,n
various,各種各樣的,j
rather,相當,r
laugh,笑,v
guess,猜測,v
executive,管理人員,n
set,放,n
study,學習,v
prove,證明,v
hang,懸掛,v
entire,全部的,j
rock,岩石,n
design,設計,v
enough,足夠的,d
forget,忘記,v
since,自從,i
claim,宣稱,v
note,筆記,n
remove,消除,v
manager,主管,n
help,幫助,n
close,關閉,j
sound,聲音,v
enjoy,享受,v
network,網路,n
legal,合法的,j
religious,宗教的,j
cold,寒冷的,j
form,形式,v
final,最終的,j
main,主要的,j
science,科學,n
green,綠色的,j
memory,記憶,n
card,卡片,n
above,多於,i
seat,座位,n
cell,細胞,n
establish,建立,v
nice,好的,j
trial,審判,n
expert,專家,n
that,那,r
spring,春天,n
firm,公司,n
Democrat,民主黨,n
radio,收音機,n
visit,訪問,v
management,管理,n
care,關心,v
avoid,避免,v
imagine,想像,v
tonight,今晚,r
huge,巨大的,j
ball,球,n
no,不,u
close,關閉,r
finish,結束,v
yourself,你自己,p
talk,演講,n
theory,理論,n
impact,影響,n
respond,回應,v
statement,陳述,n
maintain,維持,v
charge,收費,n
popular,受歡迎的,j
traditional,傳統的,j
onto,到,i
reveal,揭示,v
direction,方向,n
weapon,武器,n
employee,員工,n
cultural,文化,j
contain,包含,v
peace,和平,n
head,頭,v
control,控制,v
base,根據,n
pain,疼痛,n
apply,申請,v
play,玩,n
measure,措施,n
wide,寬的,j
shake,搖,v
fly,飛,v
interview,面試,n
manage,管理,v
chair,椅子,n
fish,魚,n
particular,特別的,j
camera,相機,n
structure,結構,n
politics,政治,n
perform,執行,v
bit,位元,n
weight,重量,n
suddenly,突然,r
discover,發現,v
candidate,候選人,n
top,頂部,j
production,生產,n
treat,對待,v
trip,旅行,n
evening,晚上,n
affect,影響,v
inside,裡面,i
conference,會議,n
unit,單元,n
best,最好的,r
style,風格,n
adult,成人,n
worry,擔心,v
range,範圍,n
mention,提到,v
rather,相當,i
far,遠的,j
deep,深的,j
past,過去的,n
edge,邊緣,n
individual,個人,j
specific,具體的,j
writer,作家,n
trouble,麻煩,n
necessary,必要的,j
throughout,自始至終,i
challenge,挑戰,n
fear,害怕,n
shoulder,肩膀,n
institution,機構,n
middle,中間,j
sea,海,n
dream,夢,n
bar,酒吧,n
beautiful,美麗的,j
property,財產,n
instead,反而,r
improve,提升,v
stuff,東西,n
detail,細節,n
method,方法,n
sign,符號,v
somebody,某人,p
magazine,雜誌,n
hotel,飯店,n
soldier,士兵,n
reflect,反映,v
heavy,重的,j
sexual,性的,j
cause,原因,n
bag,包包,n
heat,熱,n
fall,落下,n
marriage,婚姻,n
tough,艱難的,j
sing,唱歌,v
surface,表面,n
purpose,目的,n
exist,存在,v
pattern,圖案,n
whom,誰,p
skin,皮膚,n
agent,代理人,n
owner,擁有者,n
machine,機器,n
gas,氣體,n
down,向下,i
ahead,前面,r
generation,世代,n
commercial,商業的,j
address,地址,v
cancer,癌症,n
test,測試,v
item,物品,n
reality,現實,n
coach,教練,n
step,步,v
Mrs,太太,n
yard,庭院,n
beat,打,v
violence,暴力,n
total,全部的,j
tend,趨向,v
investment,投資,n
discussion,討論,n
finger,手指,n
garden,花園,n
notice,注意,v
collection,收藏,n
modern,現代的,j
task,任務,n
partner,夥伴,n
positive,積極的,j
civil,民事的,j
kitchen,廚房,n
consumer,消費者,n
shot,射擊,n
budget,預算,n
wish,希望,v
painting,繪畫,n
scientist,科學家,n
safe,安全的,j
agreement,協定,n
capital,首都,n
mouth,嘴,n
nor,也不,c
victim,受害者,n
newspaper,報紙,n
instead,反而,i
threat,威脅,n
responsibility,責任,n
smile,微笑,v
attorney,律師,n
score,分數,n
account,帳戶,n
interesting,有趣的,j
break,休息,n
audience,觀眾,n
rich,富有的,j
dinner,晚餐,n
figure,數位,v
vote,投票,n
western,西,j
relate,涉及,v
travel,旅行,v
debate,辯論,n
prevent,防止,v
citizen,國民,n
majority,多數,n
none,沒有任何,p
front,正面,i
born,出生,v
admit,承認,v
senior,進階的,j
assume,認為,v
wind,風,n
key,鑰匙,j
professional,專業的,j
mission,使命,n
fast,快速地,r
alone,獨自的,r
customer,顧客,n
suffer,遭受,v
speech,演講,n
successful,成功的,j
option,選項,n
participant,參與者,n
southern,南部,j
fresh,新鮮的,j
eventually,最終,r
no,不,p
forest,森林,n
video,影片,n
global,全球的,j
Senate,參議院,n
reform,改革,n
access,使用權,n
restaurant,餐廳,n
judge,法官,n
publish,發布,v
cost,成本,v
relation,關係,n
like,喜歡,c
release,發布,v
own,自己的,v
bird,鳥,n
opinion,觀點,n
credit,信用,n
critical,批判的,j
corner,角落,n
concerned,擔心的,j
recall,記起,v
version,版本,n
stare,盯,v
safety,安全,n
effective,有效的,j
neighborhood,鄰裡,n
original,原來的,j
act,行為,n
troop,部隊,n
income,收入,n
directly,直接地,r
hurt,傷害,v
species,種,n
immediately,立即地,r
track,追蹤,n
basic,基本的,j
strike,罷工,v
hope,希望,n
sky,天空,n
freedom,自由,n
absolutely,絕對地,r
plane,飛機,n
nobody,沒有人,p
achieve,達到,v
object,目的,n
attitude,態度,n
labor,勞動,n
refer,參考,v
concept,概念,n
client,客戶,n
powerful,強大的,j
perfect,完美的,j
nine,九,m
therefore,所以,r
conduct,執行,v
announce,宣告,v
conversation,對話,n
examine,檢查,v
touch,觸碰,v
please,請,r
attend,出席,v
completely,完全地,r
vote,投票,v
variety,種類,n
sleep,睡覺,v
turn,轉動,n
involved,涉及,j
investigation,調查,n
nuclear,核,j
researcher,研究員,n
press,按,n
conflict,衝突,n
spirit,精神,n
experience,經驗,v
replace,代替,v
British,英國人,j
encourage,鼓勵,v
argument,爭論,n
by,經過,r
once,一次,c
camp,營,n
brain,腦,n
feature,特徵,n
afternoon,午安,n
AM,是,r
weekend,週末,n
dozen,打,m
possibility,可能性,n
along,沿著,r
insurance,保險,n
department,部門,n
battle,戰鬥,n
beginning,開始,n
date,日期,n
generally,一般來說,r
African,非洲人,j
very,非常,j
sorry,對不起,j
crisis,危機,n
complete,完全的,v
fan,扇子,n
stick,戳,v
define,定義,v
easily,容易地,r
through,透過,r
hole,洞,n
element,元素,n
vision,想像,n
status,地位,n
normal,普通的,j
Chinese,中國人,j
ship,船,n
solution,解決方案,n
stone,結石,n
slowly,慢慢地,r
scale,規模,n
bit,位元,r
university,大學,n
introduce,介紹,v
driver,司機,n
attempt,試圖,n
park,公園,n
spot,點,n
lack,缺少,n
ice,冰,n
boat,船,n
drink,喝,v
sun,太陽,n
front,正面,j
distance,距離,n
wood,木頭,n
handle,處理,v
truck,卡車,n
return,返回,n
mountain,山,n
survey,民調,n
supposed,假設,j
tradition,傳統,n
winter,冬天,n
village,村莊,n
Soviet,蘇聯,j
refuse,拒絕,v
sales,銷售量,n
roll,卷,v
communication,溝通,n
run,跑步,n
screen,螢幕,n
gain,獲得,v
resident,居民,n
hide,隱藏,v
gold,金子,n
club,俱樂部,n
future,未來,j
farm,農場,n
potential,潛在的,j
increase,增加,n
middle,中間,n
European,歐洲的,j
presence,在場,n
independent,獨立的,j
district,區,n
shape,形狀,n
reader,讀者,n
Ms,多發性硬化症,n
contract,合約,n
crowd,人群,n
Christian,基督教,j
express,表達,v
apartment,公寓,n
willing,願意的,j
strength,力量,n
previous,以前的,j
band,樂團,n
obviously,明顯地,r
horse,馬,n
interested,有興趣的,j
target,目標,n
prison,監獄,n
ride,騎,v
guard,警衛,n
terms,條款,i
demand,要求,n
reporter,記者,n
deliver,遞送,v
text,文字,n
share,分享,n
tool,工具,n
wild,荒野,j
vehicle,車輛,n
observe,觀察,v
flight,航班,n
inside,裡面,r
facility,設施,n
understanding,理解,n
average,平均的,j
emerge,出現,v
advantage,優勢,n
quick,快的,j
light,光,j
leadership,領導,n
earn,賺,v
pound,磅,n
basis,基礎,n
bright,明亮的,j
operate,操作,v
guest,客人,n
sample,樣本,n
contribute,貢獻,v
tiny,微小的,j
block,堵塞,n
protection,保護,n
settle,定居,v
feed,餵食,v
collect,收集,v
additional,額外的,j
while,儘管,n
highly,高度,r
identity,身分,n
title,標題,n
mostly,大多,r
lesson,課,n
faith,信仰,n
river,河,n
promote,推動,v
living,活的,n
present,展示,j
count,數數,v
unless,除非,c
marry,結婚,v
tomorrow,明天,r
technique,科技,n
path,小路,n
ear,耳朵,n
shop,店鋪,n
folk,民間,n
order,命令,v
principle,原則,n
survive,存活,v
lift,舉起,v
border,邊界,n
competition,競賽,n
jump,跳,v
gather,收集,v
limit,限制,v
fit,合身,v
claim,宣稱,n
cry,哭,v
equipment,裝置,n
worth,值得,i
associate,聯繫,v
critic,評論家,n
warm,溫暖的,j
aspect,方面,n
result,結果,v
insist,堅持,v
failure,失敗,n
annual,年度的,j
French,法語,j
Christmas,聖誕節,n
comment,評論,n
responsible,負責任的,j
affair,事務,n
approach,方法,v
until,直到,i
procedure,程式,n
regular,常規的,j
spread,傳播,v
chairman,總統,n
baseball,棒球,n
soft,柔軟的,j
ignore,忽略,v
egg,蛋,n
measure,措施,v
belief,信仰,n
demonstrate,證明,v
anybody,任何人,p
murder,謀殺,n
gift,禮物,n
religion,宗教,n
review,審查,n
editor,編輯,n
past,過去的,i
engage,從事,v
coffee,咖啡,n
document,文件,n
speed,速度,n
cross,叉,v
influence,影響,n
anyway,反正,r
threaten,威脅,v
commit,犯罪,v
female,女性,j
youth,青年,n
wave,海浪,n
move,移動,n
afraid,害怕的,j
quarter,四分之一,n
background,背景,n
native,本國的,j
broad,廣闊,j
wonderful,精彩的,j
deny,否定,v
apparently,顯然,r
slightly,輕微地,r
reaction,反應,n
twice,兩次,r
suit,套裝,n
perspective,看法,n
growing,生長,j
blow,吹,v
construction,建造,n
kind,種類,r
intelligence,智力,n
destroy,破壞,v
cook,廚師,v
connection,聯繫,n
charge,收費,v
burn,燒傷,v
shoe,鞋,n
view,看法,v
grade,年級,n
context,情境,n
committee,委員會,n
hey,嘿,u
mistake,錯誤,n
focus,重點,n
smile,微笑,n
location,地點,n
clothes,衣服,n
Indian,印度人,j
quiet,安靜的,j
dress,裙子,v
promise,承諾,v
aware,意識到的,j
neighbor,鄰居,n
complete,完全的,j
drive,駕駛,n
function,功能,n
bone,骨,n
active,積極的,j
extend,延長,v
chief,首席,j
average,平均的,n
combine,結合,v
wine,葡萄酒,n
below,以下,r
cool,涼爽的,j
voter,選民,n
mean,意思是,n
demand,要求,v
learning,學習,n
bus,公車,n
hell,地獄,n
dangerous,危險的,j
remind,提醒,v
moral,道德,j
United,團結的,j
category,類別,n
relatively,相對地,r
victory,勝利,n
key,鑰匙,n
academic,學術的,j
visit,訪問,n
Internet,網際網路,n
healthy,健康,j
fire,火,v
negative,消極的,j
following,下列的,j
historical,歷史的,j
medicine,藥物,n
tour,旅遊,n
depend,依賴,v
photo,照片,n
finding,發現,n
grab,抓住,v
direct,直接的,j
classroom,課堂,n
contact,接觸,n
justice,正義,n
participate,參加,v
daily,日常的,j
fair,公平的,j
pair,一對,n
famous,著名的,j
exercise,鍛鍊,n
knee,膝蓋,n
flower,花,n
tape,磁帶,n
hire,聘請,v
familiar,熟悉的,j
appropriate,合適的,j
supply,供應,n
fully,完全,r
cut,切,n
will,將要,n
actor,演員,n
birth,出生,n
search,搜尋,n
tie,領帶,v
democracy,民主,n
eastern,東,j
primary,基本的,j
yesterday,昨天,r
circle,圓圈,n
device,裝置,n
progress,進步,n
next,下一個,i
front,正面,n
bottom,底部,n
island,島,n
exchange,交換,n
clean,乾淨的,j
studio,工作室,n
train,火車,v
lady,女士,n
colleague,同事,n
application,應用,n
neck,脖子,n
lean,傾斜,v
damage,損害,n
plastic,塑膠,n
tall,高的,j
plate,盤子,n
hate,恨,v
otherwise,否則,r
writing,寫作,n
press,按,v
male,男性,j
start,開始,n
alive,活,j
expression,表達,n
football,足球,n
intend,打算,v
attack,攻擊,v
chicken,雞,n
army,軍隊,n
abuse,虐待,n
theater,劇院,n
shut,關閉,v
map,地圖,n
extra,額外的,j
session,會議,n
danger,危險,n
welcome,歡迎,v
domestic,國內的,j
lots,地段,p
literature,文學,n
rain,雨,n
desire,慾望,n
assessment,評估,n
injury,受傷,n
respect,尊重,n
northern,北方,j
nod,點點頭,v
paint,畫,v
fuel,燃料,n
leaf,葉子,n
direct,直接的,v
dry,乾燥,j
Russian,俄文,j
instruction,操作說明,n
fight,鬥爭,n
pool,水池,n
climb,爬,v
sweet,甜的,j
lead,帶領,n
engine,引擎,n
fourth,第四,m
salt,鹽,n
expand,擴張,v
importance,重要性,n
metal,金屬,n
fat,胖的,n
ticket,票,n
software,軟體,n
disappear,消失,v
corporate,公司的,j
strange,奇怪的,j
lip,唇,n
reading,閱讀,n
urban,城市的,j
mental,精神的,j
increasingly,日益,r
lunch,午餐,n
educational,教育性的,j
somewhere,某處,r
farmer,農民,n
above,多於,r
sugar,糖,n
planet,行星,n
favorite,最喜歡的,j
explore,探索,v
obtain,獲得,v
enemy,敵人,n
greatest,最偉大的,j
complex,複雜的,j
surround,環繞,v
athlete,運動員,n
invite,邀請,v
repeat,重複,v
carefully,小心,r
soul,靈魂,n
scientific,科學的,j
impossible,不可能的,j
panel,控制板,n
meaning,意義,n
mom,媽媽,n
married,已婚,j
alone,獨自的,j
instrument,樂器,n
predict,預測,v
weather,天氣,n
presidential,總統,j
emotional,情緒化的,j
commitment,承諾,n
Supreme,最高,j
bear,熊,v
pocket,口袋,n
thin,薄的,j
temperature,溫度,n
surprise,驚喜,n
poll,輪詢,n
proposal,提議,n
consequence,結果,n
half,一半,n
breath,氣息,n
sight,視線,n
cover,覆蓋,n
balance,平衡,n
adopt,採納,v
minority,少數民族,n
straight,直的,r
attempt,試圖,v
connect,連接,v
works,作品,n
teaching,教學,n
belong,屬於,v
aid,援助,n
advice,建議,n
okay,好的,r
photograph,照片,n
empty,空的,j
regional,區域性的,j
trail,蹤跡,n
novel,小說,n
code,程式碼,n
somehow,不知何故,r
organize,組織,v
jury,陪審團,n
breast,胸部,n
Iraqi,伊拉克語,j
human,人類,n
acknowledge,承認,v
theme,主題,n
storm,風暴,n
union,聯盟,n
record,記錄,v
desk,桌子,n
fear,害怕,v
thanks,謝謝,n
fruit,水果,n
under,在下面,r
expensive,昂貴的,j
yellow,黃色的,j
conclusion,結論,n
prime,主要的,j
shadow,陰影,n
struggle,鬥爭,v
conclude,得出結論,v
analyst,分析師,n
dance,舞蹈,n
limit,限制,n
like,喜歡,j
regulation,規定,n
being,存在,n
last,最後的,v
ring,戒指,n
largely,很大程度上,r
shift,轉移,v
revenue,收入,n
mark,標記,v
locate,定位,v
county,縣,n
appearance,外貌,n
package,包裹,n
difficulty,困難,n
bridge,橋,n
recommend,推薦,v
obvious,明顯的,j
train,火車,n
basically,基本上,r
e-mail,電子郵件,n
generate,產生,v
anymore,不再,r
propose,提出,v
thinking,思維,n
possibly,可能,r
trend,趨勢,n
visitor,遊客,n
loan,貸款,n
currently,現在,r
comfortable,舒服的,j
investor,投資者,n
but,但,i
profit,利潤,n
angry,生氣的,j
crew,全體人員,n
deep,深的,r
accident,意外事故,n
male,男性,n
meal,一頓飯,n
hearing,聽力,n
traffic,交通,n
muscle,肌肉,n
notion,概念,n
capture,捕獲,v
prefer,更喜歡,v
truly,確實,r
earth,地球,n
Japanese,日本人,j
chest,胸部,n
search,搜尋,v
thick,厚的,j
cash,現金,n
museum,博物館,n
beauty,美麗,n
emergency,緊急狀況,n
unique,獨特的,j
feature,特徵,v
internal,內部的,j
ethnic,種族的,j
link,關聯,v
stress,壓力,n
content,內容,n
select,選擇,v
root,根,n
nose,鼻子,n
declare,宣告,v
outside,外部,r
appreciate,欣賞,v
actual,實際的,j
bottle,瓶子,n
hardly,幾乎,r
setting,環境,n
launch,發射,v
dress,裙子,n
file,文件,n
sick,生病的,j
outcome,結果,n
ad,廣告,n
defend,保衛,v
matter,事,v
judge,法官,v
duty,責任,n
sheet,床單,n
ought,應該,v
ensure,確保,v
Catholic,天主教,j
extremely,極為,r
extent,程度,n
component,成分,n
mix,混合,v
long-term,長期,j
slow,慢的,j
contrast,對比,n
zone,區,n
wake,喚醒,v
challenge,挑戰,v
airport,飛機場,n
chief,首席,n
brown,棕色的,j
standard,標準,j
shirt,襯衫,n
pilot,飛行員,n
warn,警告,v
ultimately,最終,r
cat,貓,n
contribution,貢獻,n
capacity,容量,n
ourselves,我們自己,p
estate,財產,n
guide,指導,n
circumstance,環境,n
snow,雪,n
English,英語,j
politician,政治家,n
steal,偷,v
pursue,追求,v
slip,滑,v
percentage,百分比,n
meat,肉,n
funny,有趣的,j
neither,兩者都不,r
soil,土壤,n
influence,影響,v
surgery,手術,n
correct,正確的,j
Jewish,猶太人,j
blame,責備,v
estimate,估計,v
due,到期的,i
basketball,籃球,n
late,晚的,r
golf,高爾夫球,n
investigate,調查,v
crazy,瘋狂的,j
significantly,顯著地,r
chain,鏈,n
address,地址,n
branch,分支,n
combination,組合,n
just,只是,j
frequently,頻繁地,r
governor,州長,n
relief,寬慰,n
user,使用者,n
dad,爸爸,n
kick,踢,v
part,部分,r
manner,方式,n
ancient,古老的,j
silence,沉默,n
rating,等級,n
golden,金的,j
motion,運動,n
German,德文,j
gender,性別,n
solve,解決,v
fee,費用,n
landscape,景觀,n
used,用過的,j
bowl,碗,n
equal,平等的,j
long,長的,c
official,官方的,j
forth,向前,r
frame,框架,n
typical,典型的,j
except,除了,i
conservative,保守的,j
eliminate,排除,v
host,主持人,n
hall,大廳,n
trust,相信,v
ocean,海洋,n
score,分數,v
row,排,n
producer,製片人,n
afford,買得起,v
meanwhile,同時,r
regime,政權,n
division,分配,n
confirm,確認,v
fix,使固定,v
appeal,上訴,n
mirror,鏡子,n
tooth,齒,n
smart,聰明的,j
length,長度,n
entirely,完全,r
rely,依靠,v
topic,話題,n
complain,抱怨,v
issue,問題,v
variable,多變的,n
back,後退,v
range,範圍,v
telephone,電話,n
perception,洞察力,n
attract,吸引,v
confidence,信心,n
bedroom,臥室,n
secret,秘密,n
debt,債務,n
rare,稀有的,j
his,他的,p
tank,坦克,n
nurse,護士,n
coverage,覆蓋範圍,n
opposition,反對,n
aside,放在一邊,r
anywhere,任何地方,r
bond,紐帶,n
file,文件,v
pleasure,樂趣,n
master,掌握,n
era,時代,n
requirement,要求,n
check,查看,n
stand,站立,n
fun,樂趣,n
expectation,期待,n
wing,翼,n
separate,分離,j
now,現在,c
clear,清除,v
struggle,鬥爭,n
mean,意思是,j
somewhat,有些,r
pour,倒,v
stir,攪拌,v
judgment,判斷,n
clean,乾淨的,v
except,除了,c
beer,啤酒,n
English,英語,n
reference,參考,n
tear,撕,n
doubt,懷疑,n
grant,授予,v
seriously,嚴重地,r
account,帳戶,v
minister,部長,n
totally,完全,r
hero,英雄,n
industrial,工業的,j
cloud,雲,n
stretch,拉緊,v
winner,優勝者,n
volume,體積,n
travel,旅行,n
seed,種子,n
surprised,驚訝,j
rest,休息,v
fashion,時尚,n
pepper,胡椒,n
separate,分離,v
busy,忙碌的,j
intervention,干涉,n
copy,複製,n
tip,提示,n
below,以下,i
cheap,便宜的,j
aim,目的,v
cite,引用,v
welfare,福利,n
vegetable,蔬菜,n
gray,灰色的,j
dish,盤子,n
beach,海灘,n
improvement,改進,n
everywhere,到處,r
opening,開幕,n
overall,全面的,j
divide,劃分,v
initial,最初的,j
terrible,糟糕的,j
oppose,反對,v
contemporary,當代的,j
route,路線,n
multiple,多種的,j
essential,基本的,j
question,問題,v
league,聯盟,n
criminal,刑事,j
careful,小心,j
core,核,n
upper,上,j
rush,匆忙,v
necessarily,一定,r
specifically,具體來說,r
tired,疲勞的,j
rise,上升,n
tie,領帶,n
employ,採用,v
holiday,假期,n
dance,舞蹈,v
vast,廣闊的,j
resolution,解決,n
household,家庭,n
fewer,更少,d
abortion,流產,n
apart,分開,r
witness,證人,n
match,匹配,v
barely,僅僅,r
sector,部門,n
representative,代表,n
lack,缺少,v
beneath,下面,i
beside,旁,i
black,黑色的,n
incident,事件,n
limited,有限的,j
proud,自豪的,j
flow,流動,n
faculty,學院,n
increased,增加,j
waste,浪費,n
merely,僅僅,r
mass,大量的,n
emphasize,強調,v
experiment,實驗,n
definitely,確實,r
bomb,炸彈,n
enormous,巨大的,j
tone,語氣,n
liberal,自由主義,j
massive,大量的,j
engineer,工程師,n
wheel,車輪,n
female,女性,n
decline,衰退,v
invest,投資,v
promise,承諾,n
cable,電纜,n
towards,向,i
expose,暴露,v
rural,鄉村的,j
AIDS,愛滋病,n
Jew,猶,n
narrow,狹窄的,j
cream,奶油,n
secretary,秘書,n
gate,門,n
solid,堅硬的,j
hill,爬坡道,n
typically,通常,r
noise,噪音,n
grass,草,n
unfortunately,很遺憾,r
hat,帽子,n
legislation,立法,n
succeed,成功,v
either,任何一個,d
celebrate,慶祝,v
achievement,成就,n
fishing,釣魚,n
drink,喝,n
accuse,控,v
hand,手,v
useful,有用,j
land,土地,v
secret,秘密,j
reject,拒絕,v
talent,天賦,n
taste,品嚐,n
characteristic,特徵,n
milk,牛奶,n
escape,逃脫,v
cast,投擲,v
sentence,句子,n
unusual,例外,j
closely,密切,r
convince,說服,v
height,高度,n
physician,醫生,n
assess,評估,v
sleep,睡覺,n
plenty,足夠,p
ride,騎,n
virtually,幾乎,r
first,第一的,r
addition,添加,i
sharp,鋒利的,j
creative,有創造力的,j
lower,降低,v
behind,在後面,r
approve,核准,v
explanation,解釋,n
outside,外部,j
gay,同性戀,j
campus,校園,n
proper,恰當的,j
live,居住,j
guilty,有罪的,j
living,活的,j
acquire,獲得,v
compete,競爭,v
technical,技術的,j
plus,加,i
mind,頭腦,v
potential,潛在的,n
immigrant,移民,n
weak,虛弱的,j
illegal,非法的,j
hi,你好,u
alternative,選擇,n
interaction,交互作用,n
column,柱子,n
personality,性格,n
signal,訊號,n
curriculum,課程,n
list,清單,v
honor,榮譽,n
passenger,乘客,n
assistance,協助,n
forever,永遠,r
fun,樂趣,j
regard,看待,v
Israeli,以色列,j
association,協會,n
twenty,二十,m
knock,敲,v
review,審查,v
wrap,裹,v
lab,實驗室,n
offer,提供,n
display,展示,v
criticism,批評,n
asset,資產,n
depression,沮喪,n
spiritual,精神,j
musical,音樂,j
journalist,記者,n
prayer,禱告,n
suspect,懷疑,v
scholar,學者,n
warning,警告,n
climate,氣候,n
cheese,起司,n
observation,觀察,n
childhood,童年,n
payment,支付,n
sir,先生,n
permit,允許,v
cigarette,捲菸,n
definition,定義,n
priority,優先事項,n
bread,麵包,n
creation,創建,n
graduate,畢業,n
request,要求,n
emotion,情感,n
scream,尖叫,v
dramatic,戲劇性,j
universe,宇宙,n
gap,差距,n
excellent,出色的,j
deeply,深,r
prosecutor,檢察官,n
mark,標記,n
green,綠色的,n
lucky,幸運的,j
drag,拖,v
airline,航空,n
library,圖書館,n
agenda,議程,n
recover,恢復,v
factory,工廠,n
selection,選擇,n
primarily,主要是,r
roof,屋頂,n
unable,無法,j
expense,費用,n
initiative,倡議,n
diet,飲食,n
arrest,逮捕,v
funding,資金,n
therapy,治療,n
wash,洗,v
schedule,行程,n
sad,傷心,j
brief,簡短的,j
housing,住房,n
post,郵政,n
purchase,購買,v
existing,現存的,j
dark,黑暗的,n
steel,鋼,n
regarding,關於,i
shout,喊,v
remaining,其餘的,j
visual,視覺的,j
fairly,相當,r
chip,晶片,n
violent,暴力,j
silent,沉默的,j
suppose,認為,v
self,自己,n
bike,自行車,n
tea,茶,n
perceive,感知,v
comparison,比較,n
settlement,沉澱,n
layer,層,n
planning,規劃,n
far,遠的,c
description,描述,n
later,之後,j
slow,慢的,v
slide,滑動,v
widely,廣泛,r
wedding,婚禮,n
inform,通知,v
portion,部分,n
territory,領土,n
immediate,即時,j
opponent,對手,n
abandon,放棄,v
link,關聯,n
mass,大量的,j
lake,湖,n
transform,轉換,v
tension,緊張,n
display,展示,n
leading,領導,j
bother,打擾,v
consist,組成,v
alcohol,酒精,n
enable,使能夠,v
bend,彎曲,v
saving,儲存,n
gain,獲得,n
desert,沙漠,n
shall,將,v
error,錯誤,n
release,發布,n
cop,警察,n
Arab,阿拉伯,j
double,雙倍的,j
walk,走,n
sand,沙,n
Spanish,西班牙語,j
rule,規則,v
hit,打,n
print,列印,n
preserve,儲存,v
passage,頻道,n
formal,正式的,j
transition,過渡,n
existence,存在,n
album,專輯,n
participation,參與,n
arrange,安排,v
atmosphere,氣氛,n
joint,聯合的,j
reply,回覆,v
cycle,循環,n
opposite,對面的,j
lock,鎖,v
whole,所有的,n
deserve,應得,v
consistent,持續的,j
resistance,反抗,n
discovery,發現,n
tear,撕,v
exposure,曝露,n
pose,姿勢,v
stream,溪流,n
sale,銷售,n
trust,相信,n
benefit,益處,v
pot,鍋,n
grand,盛大,j
mine,礦,p
hello,你好,u
coalition,聯盟,n
tale,故事,n
knife,刀,n
resolve,解決,v
racial,種族,j
phase,階段,n
present,展示,n
joke,開玩笑,n
coat,外套,n
Mexican,墨西哥人,j
symptom,症狀,n
contact,接觸,v
manufacturer,製造商,n
philosophy,哲學,n
potato,馬鈴薯,n
interview,面試,v
foundation,基礎,n
quote,引用,v
online,在線的,j
pass,經過,n
negotiation,談判,n
good,好的,n
urge,敦促,v
occasion,場合,n
dust,灰塵,n
breathe,呼吸,v
elect,選,v
investigator,研究者,n
jacket,夾克,n
glad,高興的,j
ordinary,普通的,j
reduction,減少,n
rarely,很少,r
shift,轉移,n
pack,盒,v
suicide,自殺,n
numerous,很多的,j
touch,觸碰,n
substance,物質,n
discipline,紀律,n
elsewhere,別處,r
iron,鐵,n
practical,實際的,j
moreover,而且,r
passion,熱情,n
volunteer,志工,n
implement,實施,v
essentially,本質上,r
gene,基因,n
enforcement,執行,n
vs,與,i
sauce,醬,n
independence,獨立,n
marketing,行銷,n
priest,牧師,n
amazing,驚人的,j
intense,激烈的,j
advance,進步,n
employer,雇主,n
shock,震驚,n
inspire,啟發,v
adjust,調整,v
retire,退休,v
sure,當然,r
visible,可見的,j
kiss,吻,v
illness,身體不適,n
cap,帽子,n
habit,習慣,n
competitive,競爭的,j
juice,汁,n
congressional,國會的,j
involvement,參與,n
dominate,支配,v
previously,之前,r
whenever,每當,r
transfer,轉移,v
analyze,分析,v
another,其他,p
attach,附,v
for,為了,c
Indian,印度人,n
disaster,災難,n
parking,停車處,n
prospect,前景,n
boss,老闆,n
complaint,抱怨,n
championship,錦標賽,n
coach,教練,v
exercise,鍛鍊,v
fundamental,基本的,j
severe,劇烈,j
enhance,提高,v
mystery,神秘,n
impose,強加,v
poverty,貧窮,n
other,其他,i
entry,入口,n
fat,胖的,j
spending,開支,n
king,國王,n
evaluate,評價,v
symbol,象徵,n
still,仍然,j
trade,貿易,v
maker,創客,n
mood,情緒,n
accomplish,完成,v
emphasis,強調,n
illustrate,闡明,v
boot,啟動,n
monitor,監視器,v
Asian,亞洲人,j
entertainment,娛樂,n
bean,豆,n
evaluation,評估,n
creature,生物,n
commander,指揮官,n
digital,數位的,j
arrangement,安排,n
concentrate,集中,v
total,全部的,n
usual,通常,j
anger,憤怒,n
psychological,心理,j
heavily,重重地,r
peak,頂峰,n
approximately,大約,r
increasing,增加,j
disorder,紊亂,n
missile,飛彈,n
equally,同樣地,r
vary,各不相同,v
wire,金屬絲,n
round,圓形的,n
distribution,分配,n
transportation,運輸,n
holy,聖,j
ring,戒指,v
twin,雙,n
command,命令,n
commission,委員會,n
interpretation,解釋,n
breakfast,早餐,n
stop,停止,n
strongly,強烈地,r
engineering,工程,n
luck,運氣,n
so-called,所謂的,j
constant,持續的,j
race,種族,v
clinic,診所,n
veteran,老將,n
smell,聞,v
tablespoon,湯匙,n
capable,有能力的,j
nervous,緊張的,j
tourist,遊客,n
light,光,v
toss,折騰,v
crucial,至關重要的,j
bury,埋葬,v
pray,祈禱,v
tomato,番茄,n
exception,例外,n
butter,奶油,n
deficit,赤字,n
bathroom,浴室,n
objective,客觀的,n
block,堵塞,v
electronic,電子的,j
ally,盟友,n
journey,旅行,n
reputation,名聲,n
mixture,混合物,n
surely,一定,r
tower,塔,n
smoke,抽煙,n
confront,面對,v
pure,純的,j
glance,一眼,v
dimension,方面,n
toy,玩具,n
prisoner,囚犯,n
fellow,同胞,j
smooth,光滑的,j
nearby,附近,j
peer,同行,n
designer,設計師,n
personnel,人員,n
shape,形狀,v
educator,教育家,n
relative,相對的,n
immigration,移民,n
belt,腰帶,n
teaspoon,茶匙,n
birthday,生日,n
implication,意義,n
perfectly,完美,r
coast,海岸,n
supporter,支持者,n
accompany,陪伴,v
silver,銀,n
teenager,青少年,n
recognition,認出,n
retirement,退休,n
flag,旗幟,n
recovery,恢復,n
whisper,耳語,v
watch,手錶,n
gentleman,紳士,n
corn,玉米,n
moon,月亮,n
inner,內,j
junior,初級,j
rather,相當,c
throat,喉,n
salary,薪水,n
swing,搖擺,v
observer,觀察者,n
due,到期的,j
straight,直的,j
publication,出版品,n
pretty,漂亮的,j
crop,莊稼,n
dig,挖,v
strike,罷工,n
permanent,永恆的,j
plant,植物,v
phenomenon,現象,n
anxiety,焦慮,n
unlike,不像,i
wet,濕的,j
literally,字面上地,r
resist,抵抗,v
convention,習俗,n
embrace,擁抱,v
supply,供應,v
assist,協助,v
exhibition,展覽,n
construct,構造,v
viewer,觀眾,n
pan,平底鍋,n
consultant,顧問,n
soon,很快,c
line,線,v
administrator,行政人員,n
date,日期,v
occasionally,偶爾,r
mayor,市長,n
consideration,考慮,n
CEO,執行長,n
secure,安全的,v
pink,粉紅色的,j
smoke,抽煙,v
estimate,估計,n
buck,巴克,n
historic,歷史性,j
poem,詩,n
grandmother,祖母,n
bind,綁定,v
fifth,第五,m
constantly,不斷地,r
enterprise,企業,n
favor,青睞,v
testing,測試,n
stomach,胃,n
apparent,明顯的,j
weigh,稱重,v
install,安裝,v
sensitive,敏感的,j
suggestion,建議,n
mail,郵件,n
recipe,食譜,n
reasonable,合理的,j
preparation,準備,n
wooden,木製的,j
elementary,初級,j
concert,音樂會,n
aggressive,挑釁的,j
FALSE,錯誤的,j
intention,意圖,n
channel,頻道,n
extreme,極端,j
tube,管子,n
drawing,繪畫,n
protein,蛋白質,n
quit,辭職,v
absence,缺席,n
roll,卷,n
Latin,拉丁,j
rapidly,迅速地,r
jail,監獄,n
comment,評論,v
diversity,多樣性,n
honest,誠實的,j
Palestinian,巴勒斯坦,j
pace,步伐,n
employment,就業,n
speaker,揚聲器,n
impression,印象,n
essay,散文,n
respondent,受訪者,n
giant,巨大的,j
cake,蛋糕,n
historian,歷史學家,n
negotiate,談判,v
restore,恢復,v
substantial,重大的,j
pop,流行音樂,v
particular,特別的,r
specialist,專家,n
origin,起源,n
approval,贊同,n
mine,礦,n
quietly,悄悄,r
advise,建議,v
conventional,傳統的,j
drop,降低,n
count,數數,n
depth,深度,n
wealth,財富,n
disability,殘障,n
shell,殼,n
general,一般的,r
criticize,批評,v
fast,快速地,j
professional,專業的,n
effectively,有效地,r
biological,生物,j
pack,盒,n
onion,洋蔥,n
deputy,副,n
flat,平坦的,j
brand,品牌,n
assure,保證,v
mad,瘋狂的,j
award,獎,n
criteria,標準,n
dealer,經銷商,n
via,透過,i
alternative,選擇,j
utility,公用事業,n
precisely,恰恰,r
arise,出現,v
armed,武裝的,j
nevertheless,儘管如此,r
highway,公路,n
clinical,臨床,j
routine,常規,n
schedule,行程,v
wage,薪資,n
normally,通常情況下,r
phrase,短語,n
ingredient,成分,n
stake,賭注,n
Muslim,穆斯林,j
dream,夢,v
fiber,纖維,n
activist,活動家,n
Islamic,伊斯蘭教,j
snap,折斷,v
terrorism,恐怖主義,n
refugee,難民,n
incorporate,包含,v
hip,時髦的,n
ultimate,最終的,j
switch,轉變,v
corporation,公司,n
valuable,有價值的,j
assumption,假設,n
gear,齒輪,n
graduate,畢業,v
barrier,障礙,n
minor,次要的,j
provision,條款,n
killer,殺手,n
assign,分配,v
gang,幫派,n
developing,發展,j
classic,經典的,j
chemical,化學,n
wave,海浪,v
label,標籤,n
teen,青少年,n
index,指數,n
vacation,假期,n
advocate,提倡,n
draft,草稿,n
extraordinary,非凡的,j
heaven,天堂,n
rough,粗糙的,j
yell,叫喊,v
pregnant,懷孕,j
distant,遙遠,j
drama,戲劇,n
satellite,衛星,n
personally,親自,r
wonder,想知道,n
clock,鐘,n
chocolate,巧克力,n
Italian,義大利語,j
Canadian,加拿大人,j
ceiling,天花板,n
sweep,掃,v
advertising,廣告,n
universal,普遍的,j
spin,旋轉,v
house,房子,v
button,按鈕,n
bell,鐘,n
rank,秩,n
darkness,黑暗,n
ahead,前面,i
clothing,衣服,n
super,極佳的,j
yield,屈服,v
fence,柵欄,n
portrait,肖像,n
paint,畫,n
survival,生存,n
roughly,大致,r
lawsuit,訴訟,n
bottom,底部,j
testimony,見證,n
bunch,束,n
beat,打,n
wind,風,v
found,成立,v
burden,負擔,n
react,反應,v
chamber,室,n
furniture,家具,n
cooperation,合作,n
string,細繩,n
ceremony,儀式,n
communicate,交流,v
taste,品嚐,v
cheek,臉頰,n
lost,遺失的,j
profile,輪廓,n
mechanism,機制,n
disagree,不同意,v
like,喜歡,r
penalty,懲罰,n
match,匹配,n
ie,IE,r
advance,進步,v
resort,採取,n
destruction,破壞,n
bear,熊,n
unlikely,不太可能,j
tissue,組織,n
constitutional,憲政的,j
pant,喘氣,n
stranger,陌生人,n
infection,感染,n
cabinet,內閣,n
broken,破碎的,j
apple,蘋果,n
electric,電的,j
proceed,繼續,v
track,追蹤,v
bet,賭注,v
literary,文學的,j
virus,病毒,n
stupid,愚蠢的,j
dispute,爭議,n
fortune,財富,n
strategic,策略,j
assistant,助理,n
overcome,克服,v
remarkable,卓越,j
occupy,佔據,v
statistics,統計數據,n
shopping,購物,n
cousin,表哥,n
encounter,遇到,v
wipe,擦拭,v
initially,最初,r
blind,瞎的,j
white,白色的,n
port,港口,n
honor,榮譽,v
electricity,電,n
genetic,遺傳的,j
adviser,顧問,n
pay,支付,n
spokesman,發言人,n
retain,保持,v
latter,後者,d
incentive,激勵,n
slave,奴隸,n
chemical,化學,j
translate,翻譯,v
accurate,準確的,j
whereas,然而,c
terror,恐怖,n
though,儘管,r
expansion,擴張,n
elite,菁英,n
Olympic,奧林匹克,j
dirt,污垢,n
odd,奇怪的,j
rice,米,n
bullet,子彈,n
tight,緊的,j
Bible,聖經,n
chart,圖表,n
solar,太陽的,j
decline,衰退,n
conservative,保守的,n
process,過程,v
square,方塊,j
stick,戳,n
concentration,專注,n
complicated,複雜的,j
gently,輕輕地,r
champion,冠軍,n
scenario,設想,n
telescope,望遠鏡,n
reflection,反射,n
revolution,革命,n
strip,條,n
interpret,解釋,v
friendly,友善的,j
tournament,比賽,n
fiction,小說,n
detect,探測,v
balance,平衡,v
likely,可能,r
tremendous,巨大的,j
lifetime,壽命,n
recommendation,推薦,n
flow,流動,v
senator,參議員,n
market,市場,v
hunting,打獵,n
salad,沙拉,n
guarantee,保證,v
innocent,清白的,j
boundary,邊界,n
pause,暫停,v
remote,偏僻的,j
satisfaction,滿意,n
journal,雜誌,n
bench,長椅,n
lover,情人,n
raw,生的,j
awareness,意識,n
surprising,奇怪,j
withdraw,提取,v
general,一般的,n
deck,甲板,n
similarly,相似地,r
newly,新,r
pole,極,n
testify,作證,v
mode,模式,n
dialogue,對話,n
imply,意味著,v
naturally,自然,r
mutual,相互的,j
founder,創辦人,n
top,頂部,i
advanced,先進的,j
pride,自豪,n
dismiss,解僱,v
aircraft,飛機,n
delivery,送貨,n
mainly,主要是,r
bake,烤,v
freeze,凍結,v
platform,平台,n
finance,金融,n
sink,下沉,v
attractive,吸引人的,j
respect,尊重,v
diverse,各種各樣的,j
relevant,相關的,j
ideal,理想的,j
joy,喜悅,n
worth,值得,n
regularly,常,r
working,在職的,j
singer,歌手,n
evolve,發展,v
shooting,射擊,n
partly,部分地,r
unknown,未知,j
assistant,助理,j
offense,罪行,n
counter,櫃檯,n
DNA,脫氧核糖核酸,n
smell,聞,n
potentially,潛在地,r
transfer,轉移,n
thirty,三十,m
justify,證明合法,v
protest,反對,n
crash,碰撞,n
craft,工藝,n
treaty,條約,n
terrorist,恐怖分子,n
insight,洞察力,n
possess,具有,v
politically,政治上,r
tap,輕敲,v
lie,說謊,n
extensive,廣泛的,j
episode,插曲,n
double,雙倍的,v
swim,游泳,v
tire,胎,v
fault,過失,n
loose,鬆動的,j
free,自由的,v
shortly,不久,r
originally,起初,r
considerable,大量,j
prior,事先的,i
intellectual,知識分子,j
mix,混合,n
assault,突擊,n
relax,放鬆,v
stair,樓梯,n
adventure,冒險,n
external,外部的,j
proof,證明,n
confident,自信的,j
headquarters,總部,n
sudden,突然的,j
dirty,骯髒的,j
violation,違反,n
tongue,舌頭,n
license,執照,n
hold,抓住,n
shelter,庇護所,n
rub,擦,v
controversy,爭議,n
entrance,入口,n
favorite,最喜歡的,n
practice,實踐,v
properly,適當地,r
fade,褪色,v
defensive,防禦性的,j
tragedy,悲劇,n
net,網,n
characterize,表徵,v
funeral,葬禮,n
profession,職業,n
alter,改變,v
spot,點,v
constitute,構成,v
establishment,設立,n
squeeze,擠,v
imagination,想像力,n
target,目標,v
mask,面具,n
convert,轉變,v
comprehensive,綜合的,j
prominent,著名的,j
presentation,推介會,n
regardless,不管,r
easy,簡單的,r
load,載入,v
stable,穩定的,j
introduction,介紹,n
appeal,上訴,v
pretend,假裝,v
not,不是,c
elderly,老年,j
representation,表示,n
deer,鹿,n
split,分裂,v
violate,違反,v
partnership,合夥,n
pollution,污染,n
emission,排放,n
steady,穩定的,j
vital,必不可少的,j
neither,兩者都不,d
fate,命運,n
earnings,效益,n
oven,烤箱,n
distinction,差別,n
segment,部分,n
nowhere,無所不在,r
poet,詩人,n
mere,僅僅,j
exciting,令人興奮的,j
variation,變化,n
comfort,舒適,n
radical,激進的,j
stress,壓力,v
adapt,適應,v
Irish,愛爾蘭語,j
honey,蜂蜜,n
correspondent,記者,n
pale,蒼白,j
musician,音樂家,n
significance,意義,n
load,載入,n
round,圓形的,j
vessel,血管,n
storage,貯存,n
flee,逃跑,v
mm-hmm,嗯嗯,u
leather,皮革,n
distribute,散佈,v
evolution,演化,n
ill,患病的,j
tribe,部落,n
shelf,架子,n
can,能,n
grandfather,祖父,n
lawn,草地,n
buyer,買方,n
dining,用餐,n
wisdom,智慧,n
council,理事會,n
vulnerable,易受傷害的,j
instance,實例,n
garlic,蒜,n
capability,能力,n
poetry,詩,n
celebrity,名人,n
gradually,逐步地,r
stability,穩定,n
doubt,懷疑,v
fantasy,幻想,n
scared,害怕的,j
guide,指導,v
plot,陰謀,n
framework,框架,n
gesture,手勢,n
depending,取決於,i
ongoing,正在進行的,j
psychology,心理學,n
since,自從,r
counselor,顧問,n
witness,證人,v
chapter,章,n
fellow,同胞,n
divorce,離婚,n
owe,欠,v
pipe,管道,n
athletic,運動的,j
slight,輕微,j
math,數學,n
shade,陰影,n
tail,尾巴,n
sustain,維持,v
mount,山,v
obligation,義務,n
angle,角度,n
palm,棕櫚,n
differ,不同,v
custom,風俗,n
store,店鋪,v
economist,經濟學家,n
fifteen,十五,m
soup,湯,n
celebration,慶典,n
efficient,高效率的,j
damage,損害,v
composition,作品,n
satisfy,滿足,v
pile,樁,n
briefly,簡要地,r
carbon,碳,n
closer,更近,j
consume,消耗,v
scheme,方案,n
crack,裂縫,n
frequency,頻率,n
tobacco,菸草,n
survivor,倖存者,n
besides,除了,r
in,在,c
psychologist,心理學家,n
wealthy,富裕,j
galaxy,星系,n
given,給定,j
fund,基金,v
ski,滑雪,n
limitation,限制,n
OK,好的,j
trace,痕跡,v
appointment,預約,n
preference,偏愛,n
meter,儀表,n
explosion,霹靂,n
arrest,逮捕,n
publicly,公開,r
incredible,極佳的,j
fighter,戰鬥機,n
rapid,迅速的,j
admission,入場,n
hunter,獵人,n
educate,教育,v
painful,痛苦,j
friendship,友誼,n
aide,助理,n
infant,嬰兒,n
calculate,計算,v
fifty,五十,m
rid,擺脫,v
porch,門廊,n
tendency,趨勢,n
uniform,制服,n
formation,形成,n
scholarship,獎學金,n
reservation,預訂,n
efficiency,效率,n
waste,浪費,v
qualify,有資格,v
mall,購物中心,n
derive,衍生,v
scandal,醜聞,n
PC,個人電腦,n
helpful,有幫助的,j
impress,留下深刻印象,v
heel,腳跟,n
resemble,類似,v
privacy,隱私,n
fabric,織物,n
surprise,驚喜,v
contest,競賽,n
proportion,部分,n
guideline,指引,n
rifle,步槍,n
maintenance,維護,n
conviction,定罪,n
trick,詭計,n
organic,有機的,j
tent,帳篷,n
examination,考試,n
publisher,出版商,n
strengthen,加強,v
French,法語,n
proposed,建議的,j
myth,神話,n
sophisticated,複雜的,j
cow,乳牛,n
etc,ETC,r
standing,常設,n
asleep,睡著了,j
tennis,網球,n
nerve,神經,n
barrel,桶,n
bombing,轟炸,n
membership,會員資格,n
ratio,比率,n
menu,選單,n
purchase,購買,n
controversial,有爭議的,j
desperate,絕望的,j
rate,速度,v
lifestyle,生活方式,n
humor,幽默,n
loud,大聲,j
glove,手套,n
suspect,懷疑,n
sufficient,充足的,j
narrative,敘述,n
photographer,攝影師,n
helicopter,直升機,n
Catholic,天主教,n
modest,謙虛的,j
provider,提供者,n
delay,延遲,n
agricultural,農業,j
explode,霹靂,v
stroke,中風,n
scope,範圍,n
punishment,懲罰,n
handful,少數,n
badly,嚴重地,r
horizon,地平線,n
curious,好奇的,j
downtown,市中心,j
girlfriend,女朋友,n
prompt,迅速的,v
request,要求,v
cholesterol,膽固醇,n
absorb,吸收,v
adjustment,調整,n
taxpayer,納稅人,n
eager,渴望的,j
principal,主要的,n
detailed,詳細的,j
motivation,動機,n
assignment,任務,n
restriction,限制,n
across,穿過,r
Palestinian,巴勒斯坦,n
laboratory,實驗室,n
workshop,工作坊,n
differently,不同地,r
auto,汽車,n
romantic,浪漫的,j
cotton,棉布,n
motor,引擎,n
sue,起訴,v
flavor,味道,n
overlook,俯瞰,v
float,漂浮,v
undergo,經歷,v
sequence,順序,n
demonstration,示範,n
jet,噴射,n
orange,橘子,j
consumption,消耗,n
assert,斷言,v
blade,刀刃,n
temporary,暫時的,j
medication,藥物,n
print,列印,v
cabin,艙,n
bite,咬,v
relative,相對的,j
edition,版,n
valley,谷,n
yours,你的,p
pitch,瀝青,n
pine,松樹,n
brilliant,傑出的,j
versus,相對,i
manufacturing,製造業,n
risk,風險,v
Christian,基督教,n
complex,複雜的,n
absolute,絕對,j
chef,廚師,n
discrimination,歧視,n
offensive,進攻,j
German,德文,n
suit,套裝,v
boom,繁榮,n
register,登記,v
appoint,委,v
heritage,遺產,n
God,上帝,n
terrorist,恐怖分子,j
dominant,主導的,j
successfully,成功地,r
shit,拉屎,n
lemon,檸檬,n
hungry,飢餓的,j
sense,感覺,v
dry,乾燥,v
wander,漫步,v
submit,提交,v
economics,經濟學,n
naked,裸,j
anticipate,預料,v
nut,堅果,n
legacy,遺產,n
extension,擴大,n
shrug,聳肩,v
fly,飛,n
battery,電池,n
arrival,到達,n
legitimate,合法的,j
orientation,方向,n
inflation,通貨膨脹,n
cope,應付,v
flame,火焰,n
cluster,簇,n
host,主持人,v
wound,傷口,n
dependent,依賴的,j
shower,淋浴,n
institutional,制度性的,j
depict,描繪,v
operating,操作,n
flesh,肉,n
garage,車庫,n
operator,操作員,n
instructor,講師,n
collapse,坍塌,v
borrow,借,v
furthermore,另外,r
comedy,喜劇,n
mortgage,抵押,n
sanction,制裁,n
civilian,平民,j
twelve,十二,m
weekly,每週,j
habitat,棲息地,n
grain,糧食,n
brush,刷子,v
consciousness,意識,n
devote,奉獻,v
crack,裂縫,v
measurement,測量,n
province,省,n
ease,舒適,v
seize,搶佔,v
ethics,倫理,n
nomination,提名,n
permission,允許,n
wise,明智的,j
actress,演員,n
summit,首腦,n
acid,酸,n
odds,賠率,n
gifted,天才,j
frustration,挫折,n
medium,中等的,n
function,功能,v
physically,身體上的,r
grant,授予,n
distinguish,區分,v
shore,支撐,n
repeatedly,反覆,r
lung,肺,n
firm,公司,j
running,跑步,j
correct,正確的,v
distinct,清楚的,j
artistic,藝術的,j
discourse,話語,n
basket,籃子,n
ah,啊,u
fighting,鬥爭,n
impressive,感人的,j
competitor,競爭者,n
ugly,醜陋的,j
worried,擔心,j
portray,寫真,v
powder,粉末,n
ghost,鬼,n
persuade,說服,v
moderate,緩和,j
subsequent,隨後的,j
continued,持續,j
cookie,餅乾,n
carrier,載體,n
cooking,烹飪,n
frequent,經常的,j
ban,禁止,v
swing,搖擺,n
orange,橘子,n
awful,可怕,j
admire,欽佩,v
pet,寵物,n
miracle,奇蹟,n
exceed,超過,v
rhythm,韻律,n
widespread,廣泛,j
killing,殺戮,n
lovely,迷人的,j
sin,罪,n
charity,慈善事業,n
script,腳本,n
tactic,戰術,n
identification,鑑別,n
transformation,轉型,n
everyday,每天,j
headline,標題,n
crash,碰撞,v
venture,創業,n
invasion,入侵,n
military,軍隊,n
nonetheless,儘管如此,r
adequate,足夠的,j
piano,鋼琴,n
grocery,雜貨店,n
intensity,強度,n
exhibit,展覽,v
high,高的,r
blanket,毯子,n
margin,利潤,n
principal,主要的,j
quarterback,四分衛,n
mouse,老鼠,n
rope,繩索,n
concrete,具體的,j
prescription,處方,n
African-American,非裔美國人,j
chase,追趕,v
document,文件,v
brick,磚,n
recruit,招募,v
patch,修補,n
consensus,共識,n
horror,恐怖,n
recording,記錄,n
changing,改變,j
painter,畫家,n
colonial,殖民,j
pie,派,n
sake,清酒,n
gaze,目光,n
courage,勇氣,n
pregnancy,懷孕,n
swear,發誓,v
defeat,擊敗,v
clue,線索,n
reinforce,加強,v
win,贏,n
confusion,錯亂,n
slice,片,n
occupation,職業,n
dear,親愛的,j
coal,煤炭,n
sacred,神聖,j
criminal,刑事,n
formula,公式,n
cognitive,認知的,j
collective,集體,j
exact,精確的,j
uncle,叔叔,n
square,方塊,n
captain,隊長,n
sigh,嘆,v
attribute,屬性,v
dare,敢,v
okay,好的,j
homeless,無家可歸的,j
cool,涼爽的,v
gallery,畫廊,n
soccer,足球,n
defendant,被告,n
tunnel,隧道,n
fitness,健康,n
lap,圈,n
grave,嚴重,n
toe,腳趾,n
container,容器,n
virtue,美德,n
abroad,國外,r
architect,建築師,n
dramatically,戲劇性地,r
makeup,化妝品,n
inquiry,詢問,n
rose,玫瑰,n
surprisingly,出奇,r
highlight,強調,v
decrease,減少,v
indication,指示,n
rail,軌,n
anniversary,週年紀念日,n
couch,長椅,n
alliance,聯盟,n
hypothesis,假設,n
boyfriend,男友,n
compose,撰寫,v
peer,同行,v
mess,混亂,n
rank,秩,v
legend,傳奇,n
regulate,調節,v
adolescent,青少年,n
shine,閃耀,v
norm,規範,n
upset,沮喪的,v
remark,評論,n
resign,辭職,v
reward,報酬,n
gentle,溫和的,j
related,有關的,j
organ,器官,n
lightly,輕輕,r
concerning,有關,i
invent,發明,v
laughter,笑聲,n
fit,合身,j
northwest,西北,n
counseling,輔導,n
tight,緊的,r
receiver,接收者,n
ritual,儀式,n
insect,昆蟲,n
interrupt,打斷,v
salmon,鮭魚,n
favor,青睞,n
trading,貿易,n
concern,憂慮,v
magic,魔法,j
superior,優越的,j
combat,戰鬥,n
stem,幹,n
surgeon,外科醫生,n
acceptable,可以接受,j
physics,物理,n
rape,強姦,n
counsel,法律顧問,n
brush,刷子,n
jeans,牛仔褲,n
hunt,打獵,v
continuous,連續的,j
log,紀錄,n
echo,迴音,v
pill,丸,n
excited,興奮的,j
sculpture,雕塑,n
compound,化合物,n
integrate,整合,v
flour,麵粉,n
bitter,苦的,j
bare,裸,j
slope,坡,n
rent,租,v
presidency,總統職位,n
serving,服務,n
subtle,微妙的,j
greatly,大大地,r
bishop,主教,n
drinking,喝,n
delay,延遲,v
cry,哭,n
acceptance,驗收,n
collapse,坍塌,n
shop,店鋪,v
pump,泵浦,n
candy,糖果,n
evil,邪惡的,n
final,最終的,n
finance,金融,v
pleased,高興,j
medal,勳章,n
beg,求,v
sponsor,贊助,v
ethical,道德的,j
secondary,中學,j
slam,滿貫,v
export,出口,n
experimental,實驗性的,j
melt,融化,v
midnight,午夜,n
net,網,j
curve,曲線,n
integrity,正直,n
entitle,賦予,v
evident,明顯,j
logic,邏輯,n
essence,本質,n
park,公園,v
exclude,排除,v
harsh,殘酷的,j
closet,衣櫥,n
suburban,郊區的,j
greet,迎接,v
favor,青睞,i
interior,內部的,n
corridor,走廊,n
murder,謀殺,v
retail,零售,j
pitcher,投手,n
march,行進,v
snake,蛇,n
pitch,瀝青,v
excuse,原諒,v
cross,叉,n
weakness,弱點,n
pig,豬,n
cold,寒冷的,n
classical,古典,j
estimated,估計的,j
T-shirt,T恤,n
online,在線的,r
unemployment,失業,n
civilization,文明,n
fold,折疊,v
patient,病人,j
pop,流行音樂,n
daily,日常的,r
reverse,反向,v
missing,遺失的,j
correlation,相關性,n
humanity,人類,n
flash,閃光,v
developer,開發商,n
reliable,可靠的,j
excitement,激動,n
beef,牛肉,n
Islam,伊斯蘭教,n
Roman,羅馬,j
stretch,拉緊,n
architecture,建築學,n
occasional,偶然,j
administrative,行政,j
elbow,彎頭,n
deadly,致命,j
Muslim,穆斯林,n
Hispanic,西班牙裔,j
allegation,指控,n
tip,提示,v
confuse,迷惑,v
airplane,飛機,n
monthly,每月,j
duck,鴨子,n
dose,劑量,n
Korean,韓國人,j
plead,懇求,v
initiate,發起,v
lecture,演講,n
van,貨車,n
sixth,第六,m
bay,灣,n
mainstream,主流,j
suburb,市郊,n
sandwich,三明治,n
unlike,不像,j
trunk,樹幹,n
rumor,謠言,n
implementation,執行,n
swallow,吞,v
motivate,激勵,v
render,使成為,v
longtime,很久,j
trap,陷阱,v
restrict,限制,v
cloth,布,n
seemingly,似乎,r
legislative,立法,j
effectiveness,效力,n
enforce,執行,v
lens,鏡片,n
reach,抵達,n
inspector,檢驗員,n
lend,借,v
plain,清楚的,j
fraud,詐欺罪,n
companion,伴侶,n
contend,抗衡,v
nail,指甲,n
array,大批,n
strict,嚴格的,j
assemble,集合,v
frankly,坦白地說,r
rat,鼠,n
burst,爆裂,v
hallway,門廳,n
cave,洞穴,n
inevitable,不可避免的,j
southwest,西南,n
monster,怪物,n
speed,速度,v
protest,反對,v
unexpected,出乎意料,j
obstacle,障礙,n
facilitate,促進,v
encounter,遇到,n
rip,撕裂,v
herb,草本植物,n
overwhelming,壓倒,j
integration,一體化,n
crystal,水晶,n
recession,經濟衰退,n
wish,希望,n
top,頂部,v
written,書面,j
motive,動機,n
label,標籤,v
flood,洪水,n
pen,筆,n
ownership,所有權,n
nightmare,惡夢,n
notice,注意,n
inspection,檢查,n
supervisor,導師,n
consult,諮詢,v
arena,競技場,n
laugh,笑,n
diagnosis,診斷,n
possession,擁有,n
forgive,原諒,v
warm,溫暖的,v
consistently,始終如一地,r
basement,地下室,n
project,專案,v
drift,漂移,v
drain,流走,v
last,最後的,r
prosecution,檢控,n
maximum,最大限度,j
announcement,公告,n
warrior,戰士,n
prediction,預言,n
bacteria,細菌,n
questionnaire,問卷調查,n
mud,土,n
infrastructure,基礎設施,n
hurry,匆忙,v
privilege,特權,n
temple,寺廟,n
medium,中等的,j
outdoor,戶外的,j
suck,吸,v
and/or,和/或,c
broadcast,pod送,n
re,關於,i
leap,飛躍,v
random,隨機的,j
past,過去的,r
wrist,手腕,n
curtain,窗簾,n
monitor,監視器,n
pond,池塘,n
domain,領域,n
guilt,有罪,n
cattle,牛,n
subject,主題,i
walking,行人徒步區,n
playoff,挑撥,n
minimum,最低限度,j
fiscal,財,j
skirt,裙子,n
dump,傾倒,v
hence,因此,r
database,資料庫,n
uncomfortable,不舒服,j
aim,目的,n
execute,執行,v
limb,肢體,n
ideology,思想,n
average,平均的,v
welcome,歡迎,j
tune,調,v
continuing,繼續,j
harm,傷害,n
railroad,鐵路,n
endure,忍受,v
radiation,輻射,n
horn,喇叭,n
chronic,慢性的,j
peaceful,和平,j
innovation,創新,n
strain,拉緊,n
guitar,吉他,n
replacement,替代品,n
behave,表現,v
administer,管理,v
simultaneously,同時地,r
dancer,舞者,n
amendment,修正案,n
guard,警衛,v
pad,軟墊,n
transmission,傳染,n
await,等待,v
retired,退休了,j
trigger,扳機,v
spill,灑,v
grateful,感激的,j
grace,優雅,n
virtual,虛擬的,j
response,回覆,i
colony,殖民地,n
adoption,採用,n
slide,滑動,n
indigenous,原住民,j
closed,關閉,j
convict,定罪,v
civilian,平民,n
towel,毛巾,n
modify,調整,v
particle,粒子,n
award,獎,v
glance,一眼,n
prize,獎,n
landing,降落,n
conduct,執行,n
blue,藍色的,n
boost,促進,v
bat,蝙蝠,n
alarm,警報,n
festival,節慶,n
grip,緊握,n
weird,詭異的,j
undermine,破壞,v
freshman,新生,n
sweat,汗,n
outer,外,j
European,歐洲的,n
drunk,醉,j
survey,民調,v
research,研究,v
separation,分離,n
traditionally,傳統上,r
stuff,東西,v
govern,治理,v
southeast,東南,n
intelligent,聰明的,j
wherever,無論在哪裡,r
ballot,選票,n
rhetoric,修辭,n
convinced,確信,j
driving,駕駛,j
vitamin,維他命,n
enthusiasm,熱情,n
accommodate,容納,v
praise,稱讚,v
injure,損傷,v
wilderness,荒野,n
nearby,附近,r
endless,無盡的,j
mandate,授權,n
pause,暫停,n
excuse,原諒,n
respectively,分別,r
uncertainty,不確定,n
chaos,混亂,n
short,短的,r
mechanical,機械的,j
canvas,帆布,n
forty,四十,m
matter,事,d
lobby,大堂,n
profound,深刻的,j
format,格式,n
trait,特徵,n
currency,貨幣,n
turkey,火雞,n
reserve,預訂,n
beam,光束,n
abuse,虐待,v
astronomer,天文學家,n
corruption,腐敗,n
contractor,承包商,n
apologize,道歉,v
doctrine,教義,n
genuine,真的,j
thumb,大拇指,n
unity,統一,n
compromise,妥協,n
horrible,可怕,j
behavioral,行為的,j
exclusive,獨家的,j
scatter,分散,v
commonly,通常,r
convey,傳達,v
rush,匆忙,n
twist,捻,v
complexity,複雜,n
fork,叉,n
disk,磁碟,n
relieve,緩解,v
suspicion,懷疑,n
lock,鎖,n
finish,結束,n
residence,住宅,n
shame,恥辱,n
meaningful,有意義的,j
sidewalk,人行道,n
Olympics,奧運,n
technological,技術性的,j
signature,簽名,n
pleasant,令人愉快的,j
wow,哇,u
suspend,暫停,v
rebel,反叛,n
frozen,冷凍的,j
desire,慾望,v
spouse,配偶,n
fluid,液體,n
pension,退休金,n
resume,恢復,v
theoretical,理論的,j
sodium,鈉,n
blow,吹,n
promotion,晉升,n
delicate,精美的,j
forehead,前額,n
rebuild,重建,v
bounce,彈跳,v
electrical,電力,j
hook,鉤,n
detective,偵探,n
traveler,遊客,n
click,點選,v
compensation,賠償,n
signal,訊號,v
exit,出口,n
attraction,景點,n
dedicate,奉獻,v
altogether,共,r
pickup,撿起,n
carve,雕刻,v
needle,針,n
belly,腹部,n
ship,船,v
scare,嚇,v
portfolio,資料夾,n
shuttle,穿梭,n
invisible,無形的,j
timing,定時,n
engagement,訂婚,n
ankle,踝,n
transaction,交易,n
rescue,救援,v
counterpart,對方,n
historically,歷史地,r
firmly,牢牢,r
mild,輕微,j
rider,騎士,n
doll,玩具娃娃,n
noon,中午,n
exhibit,展覽,n
amid,之中,i
identical,完全相同的,j
precise,精確的,j
anxious,焦慮的,j
structural,結構性的,j
residential,住宅,j
loud,大聲,r
diagnose,診斷,v
carbohydrate,醣類,n
liberty,自由,n
poster,海報,n
theology,神學,n
nonprofit,非營利組織,j
crawl,爬行,v
oxygen,氧,n
handsome,英俊的,j
magic,魔法,n
sum,和,n
provided,假如,c
businessman,商人,n
promising,有前途的,j
conscious,有意識的,j
determination,決心,n
donor,捐款者,n
hers,她的,p
pastor,牧師,n
jazz,爵士樂,n
opera,歌劇,n
Japanese,日本人,n
bite,咬,n
frame,框架,v
evil,邪惡的,j
acquisition,獲得,n
pit,坑,n
hug,擁抱,v
wildlife,野生動物,n
punish,懲罰,v
giant,巨大的,n
primary,基本的,n
equity,公平,n
wrong,錯誤的,r
doorway,門口,n
departure,離開,n
elevator,電梯,n
teenage,十幾歲的,j
guidance,指導,n
happiness,幸福,n
statue,雕像,n
pursuit,追求,n
repair,維修,n
decent,體面的,j
gym,健身房,n
oral,口服,j
clerk,職員,n
Israeli,以色列,n
envelope,信封,n
reporting,報告,n
destination,目的地,n
fist,拳頭,n
endorse,贊同,v
exploration,勘探,n
generous,慷慨的,j
bath,洗澡,n
rescue,救援,n
thereby,從而,r
overall,全面的,r
indicator,指標,n
sunlight,陽光,n
feedback,回饋,n
spectrum,光譜,n
purple,紫色的,j
laser,雷射,n
bold,大膽的,j
reluctant,不情願的,j
starting,開始,n
expertise,專業知識,n
practically,幾乎,r
program,程式,v
picture,圖片,v
tune,調,n
eating,吃,n
age,年齡,v
volunteer,志工,v
hint,暗示,n
sharply,急劇地,r
parade,遊行,n
advocate,提倡,v
realm,領域,n
ban,禁止,n
strip,條,v
cancel,取消,v
blend,混合,v
therapist,治療師,n
slice,片,v
peel,果皮,v
pizza,披薩,n
recipient,接受者,n
hesitate,猶豫,v
flip,翻動,v
accounting,會計,n
debate,辯論,v
bias,偏見,n
huh,呵呵,u
metaphor,隱喻,n
candle,蠟燭,n
handle,處理,n
worry,擔心,n
judicial,司法,j
entity,實體,n
suffering,痛苦,n
full-time,全日制,j
feel,感覺,n
lamp,燈,n
garbage,垃圾,n
servant,僕人,n
addition,添加,n
regulatory,監管,j
diplomatic,外交,j
elegant,優雅的,j
inside,裡面,n
reception,接待,n
vanish,消失,v
automatically,自動地,r
chin,下巴,n
trail,蹤跡,v
necessity,必要性,n
confess,承認,v
racism,種族主義,n
starter,起動機,n
interior,內部的,j
banking,銀行業,n
casual,隨意的,j
gravity,重力,n
enroll,註冊,v
diminish,減少,v
prevention,預防,n
Arab,阿拉伯,n
value,價值,v
minimize,最小化,v
chop,劈,v
performer,演員,n
intent,意圖,n
isolate,隔離,v
pump,泵浦,v
inventory,存貨,n
productive,富有成效的,j
assembly,集會,n
civic,公民的,j
silk,絲綢,n
magnitude,規模,n
steep,陡,j
hostage,人質,n
collector,集電極,n
popularity,人氣,n
kiss,吻,n
alien,外星人,n
dynamic,動態的,j
scary,可怕的,j
equation,方程式,n
angel,天使,n
switch,轉變,n
offering,奉獻,n
rage,憤怒,n
photography,攝影,n
repair,維修,v
toilet,洗手間,n
disappointed,失望的,j
precious,寶貴的,j
prohibit,禁止,v
representative,代表,j
content,內容,j
realistic,實際的,j
Russian,俄文,n
hidden,隱,j
command,命令,v
tender,標,j
wake,喚醒,n
gathering,採集,n
outstanding,傑出的,j
stumble,絆倒,v
lonely,孤獨,j
automobile,汽車,n
artificial,人造的,j
dawn,黎明,n
abstract,抽象的,j
descend,下降,v
silly,愚蠢的,j
hook,鉤,v
tide,潮,n
shared,共享,j
hopefully,希望,r
readily,容易,r
cooperate,合作,v
revolutionary,革命性的,j
romance,浪漫,n
hardware,硬體,n
pillow,枕頭,n
kit,成套工具,n
cook,廚師,n
spread,傳播,n
continent,大陸,n
seal,海豹,v
circuit,電路,n
sink,下沉,n
ruling,裁決,n
shortage,短缺,n
annually,每年,r
lately,最近,r
trap,陷阱,n
scan,掃描,v
fool,傻子,n
deadline,最後期限,n
rear,後部,j
processing,加工,n
ranch,牧場,n
coastal,海岸,j
undertake,承擔,v
softly,輕輕,r
reserve,預訂,v
burning,燃燒,j
verbal,口頭,j
tribal,部落的,j
ridiculous,荒謬的,j
automatic,自動的,j
diamond,鑽石,n
credibility,可信度,n
import,進口,n
sexually,性方面的,r
spring,春天,v
way,方式,r
divine,神聖的,j
sentiment,情緒,n
cart,大車,n
oversee,監督,v
stem,幹,v
elder,長老,n
pro,親,n
inspiration,靈感,n
Dutch,荷蘭語,j
quantity,數量,n
trailer,拖車,n
mate,伴侶,n
o'clock,點鐘,r
Greek,希臘文,j
genius,天才,n
monument,紀念碑,n
bid,出價,n
quest,尋求,n
sacrifice,犧牲,n
invitation,邀請函,n
accuracy,準確性,n
juror,陪審員,n
officially,正式,r
broker,經紀人,n
treasure,寶藏,n
loyalty,忠誠,n
credit,信用,v
shock,震驚,v
talented,有才華的,j
gasoline,汽油,n
stiff,僵硬的,j
output,輸出,n
nominee,被提名人,n
extended,擴充,j
please,請,v
diabetes,糖尿病,n
slap,拍擊,v
toxic,有毒的,j
alleged,據稱,j
jaw,顎,n
grief,悲傷,n
mysterious,神秘,j
rocket,火箭,n
donate,捐,v
inmate,犯人,n
tackle,處理,v
dynamics,動力學,n
bow,弓,n
ours,我們的,p
senior,進階的,n
dignity,尊嚴,n
carpet,地毯,n
parental,父母的,j
bubble,氣泡,n
heat,熱,v
buddy,夥伴,n
barn,穀倉,n
sword,劍,n
flash,閃光,n
seventh,第七,m
glory,榮耀,n
tightly,緊緊,r
protective,保護的,j
tuck,塔克,v
drum,鼓,n
faint,頭暈的,j
post,郵政,v
queen,女王,n
dilemma,困境,n
input,輸入,n
specialize,專精,v
northeast,東北,n
shallow,淺的,j
liability,責任,n
sail,帆,v
merchant,商人,n
stadium,體育場,n
improved,改進的,j
bloody,血腥,j
defeat,擊敗,n
associated,聯繫,j
withdrawal,提款,n
refrigerator,冰箱,n
nest,巢,n
near,靠近,j
thoroughly,徹底地,r
lane,車道,n
ancestor,祖先,n
condemn,譴責,v
steam,蒸氣,n
accent,口音,n
escape,逃脫,n
optimistic,樂觀的,j
unite,團結,v
cage,籠,n
equip,裝備,v
shrimp,蝦,n
homeland,家園,n
exchange,交換,v
rack,架子,n
costume,戲服,n
wolf,狼,n
courtroom,法庭,n
statute,法令,n
cartoon,卡通片,n
besides,除了,i
productivity,生產力,n
grin,咧嘴笑,v
symbolic,象徵性的,j
seal,海豹,n
bug,漏洞,n
bless,保佑,v
aunt,阿姨,n
agriculture,農業,n
rock,岩石,v
hostile,敵對的,j
root,根,v
conceive,構想,v
combined,合併的,j
instantly,即刻,r
bankruptcy,破產,n
vaccine,疫苗,n
bonus,獎金,n
collaboration,合作,n
mixed,混合的,j
opposed,反對,i
orbit,軌道,n
grasp,抓牢,v
patience,耐心,n
spite,惡意,i
tropical,熱帶,j
voting,表決,n
patrol,巡邏,n
willingness,意願,n
position,位置,v
revelation,啟示,n
rent,租,n
calm,冷靜的,v
jewelry,珠寶,n
hay,乾草,n
haul,運輸,v
concede,承認,v
trace,痕跡,n
wagon,車皮,n
afterward,之後,r
spectacular,壯觀的,j
ruin,廢墟,v
sheer,純粹的,j
prior,事先的,j
immune,免疫,j
reliability,可靠性,n
ass,屁股,n
alongside,旁邊,i
bush,襯套,n
exotic,異國情調,j
fascinating,迷人,j
secure,安全的,j
clip,夾子,n
thigh,大腿,n
bull,公牛,n
drawer,抽屜,n
regard,看待,i
sheep,羊,n
discourage,阻礙,v
coordinator,協調員,n
ideological,思想,j
runner,跑者,n
secular,世俗,j
intimate,親密的,j
empire,帝國,n
cab,計程車,n
divorce,離婚,v
exam,考試,n
documentary,記錄,n
neutral,中性的,j
biology,生物學,n
flexible,靈活的,j
progressive,進步,j
web,網路,n
conspiracy,陰謀,n
catch,抓住,n
casualty,傷亡,n
republic,共和國,n
execution,執行,n
terrific,了不起,j
whale,鯨,n
functional,功能性的,j
star,星星,v
draft,草稿,v
instinct,本能,n
teammate,隊友,n
aluminum,鋁,n
whoever,誰,p
ministry,部,n
verdict,判決,n
instruct,指示,v
skull,顱骨,n
self-esteem,自尊,n
ease,舒適,n
cooperative,合作社,j
manipulate,操縱,v
bee,蜜蜂,n
practitioner,實踐者,n
loop,環形,n
edit,編輯,v
whip,鞭,v
puzzle,謎,n
mushroom,菇,n
subsidy,補貼,n
boil,熬,v
tragic,悲慘,j
mathematics,數學,n
mechanic,機械,n
jar,罐,n
respect,尊重,i
earthquake,地震,n
pork,豬肉,n
creativity,創造力,n
safely,安全地,r
underlying,潛在的,j
dessert,甜點,n
sympathy,同情,n
fisherman,漁夫,n
incredibly,難以置信,r
isolation,隔離,n
sock,短襪,n
near,靠近,r
jump,跳,n
eleven,十一,m
sexy,性感的,j
entrepreneur,企業家,n
syndrome,綜合症,n
bureau,局,n
seat,座位,v
workplace,工作場所,n
ambition,志向,n
touchdown,接地,n
utilize,利用,v
breeze,微風,n
costly,昂貴,j
ambitious,雄心勃勃的,j
Christianity,基督教,n
presumably,想必,r
influential,有影響,j
translation,翻譯,n
uncertain,不確定,j
dissolve,溶解,v
object,目的,v
statistical,統計,j
gut,腸道,n
metropolitan,大都會的,j
rolling,捲動,j
aesthetic,美學的,j
spell,拼字,v
insert,插入,v
booth,攤位,n
helmet,頭盔,n
waist,腰部,n
expected,預期的,j
lion,獅子,n
accomplishment,成就,n
royal,皇家的,j
panic,恐慌,n
cast,投擲,n
crush,壓碎,v
actively,積極地,r
cliff,懸崖,n
minimal,最小的,j
cord,繩索,n
fortunately,幸運的是,r
cocaine,古柯鹼,n
illusion,錯覺,n
anonymous,匿名的,j
tolerate,容忍,v
appreciation,欣賞,n
commissioner,專員,n
harm,傷害,v
flexibility,靈活性,n
instructional,指導性的,j
scramble,爭奪,v
casino,賭場,n
tumor,瘤,n
decorate,裝飾,v
sort,種類,v
charge,收費,i
pulse,脈衝,n
equivalent,相等的,n
fixed,固定的,j
experienced,有經驗的,j
donation,捐款,n
diary,日記,n
sibling,兄弟,n
irony,諷刺,n
spoon,湯匙,n
midst,中間,n
alley,胡同,n
upset,沮喪的,j
interact,相互影響,v
soap,肥皂,n
cute,可愛的,j
rival,競爭對手,n
short-term,短期,j
punch,沖床,v
pin,別針,n
hockey,曲棍球,n
passing,透過,j
persist,堅持,v
supplier,供應商,n
known,已知的,j
momentum,勢頭,n
purse,錢包,n
shed,棚,v
liquid,液體,n
icon,圖示,n
elephant,大象,n
consequently,最後,r
legislature,立法機關,n
associate,聯繫,n
franchise,特許經營權,n
correctly,正確地,r
mentally,精神上,r
foster,促進,v
bicycle,自行車,n
encouraging,鼓勵,j
cheat,欺騙,v
access,使用權,v
heal,癒合,v
fever,發燒,n
filter,篩選,n
rabbit,兔子,n
coin,硬幣,n
exploit,開發,v
accessible,無障礙,j
organism,生物,n
sensation,感覺,n
partially,部分地,r
stay,停留,n
upstairs,樓上,r
dried,幹的,j
minimum,最低限度,n
pro,親,j
conservation,保護,n
shove,推,v
backyard,後院,n
charter,憲章,n
stove,火爐,n
consent,同意,n
comprise,包括,v
reminder,提醒,n
alike,一樣,r
placement,放置,n
dough,麵團,n
grandchild,孫子,n
dam,壩,n
reportedly,據說,r
well-known,知名,j
surrounding,周圍,j
ecological,生態的,j
outfit,全套服裝,n
unprecedented,空前的,j
columnist,專欄作家,n
workout,鍛鍊,n
preliminary,初步的,j
patent,專利,n
shy,害羞的,j
quote,引用,n
trash,垃圾,n
disabled,殘障人士,j
gross,總的,j
damn,該死,j
hormone,荷爾蒙,n
texture,質地,n
counter,櫃檯,v
pencil,鉛筆,n
associate,聯繫,j
frontier,邊境,n
spray,噴,n
bet,賭注,n
disclose,透露,v
custody,保管,n
banker,銀行家,n
beast,獸,n
interfere,幹擾,v
oak,橡木,n
case,案件,c
eighth,第八,m
notebook,筆記本,n
outline,大綱,v
gaze,目光,v
attendance,出席率,n
speculation,猜測,n
uncover,揭露,v
behalf,代表,i
innovative,創新的,j
shark,鯊魚,n
reward,報酬,v
mill,磨,n
installation,安裝,n
stimulate,刺激,v
tag,標籤,n
vertical,垂直的,j
swimming,游泳,n
fleet,艦隊,n
catalog,目錄,n
outsider,局外人,n
sacrifice,犧牲,v
desperately,拼命地,r
stance,姿態,n
compel,迫使,v
sensitivity,靈敏度,n
someday,有一天,r
instant,立即的,j
debut,首次亮相,n
proclaim,宣告,v
worldwide,全世界,r
hike,遠足,v
required,必需的,j
confrontation,對抗,n
colorful,豐富多彩的,j
ideal,理想的,n
constitution,憲法,n
trainer,教練,n
Thanksgiving,感恩,n
scent,香味,n
stack,堆疊,n
eyebrow,眉,n
sack,解僱,n
cease,停止,v
inherit,繼承,v
tray,托盤,n
pioneer,先鋒,n
organizational,組織,j
textbook,教科書,n
uh,呃,u
nasty,可惡的,j
shrink,收縮,v
model,模型,v
emerging,新興的,j
dot,點,n
wheat,小麥,n
fierce,兇猛的,j
envision,設想,v
rational,合理的,j
kingdom,王國,n
aisle,走道,n
weaken,削弱,v
protocol,協定,n
exclusively,只,r
vocal,聲樂,j
marketplace,市場,n
openly,公然,r
unfair,不公平,j
terrain,地形,n
deploy,部署,v
risky,有風險的,j
pasta,義大利麵,n
genre,類型,n
distract,轉移,v
merit,優點,n
planner,規劃師,n
depressed,鬱悶,j
chunk,區塊,n
closest,最接近的,j
discount,折扣,n
no,不,d
ladder,梯子,n
jungle,叢林,n
migration,遷移,n
breathing,呼吸,n
invade,入侵,v
hurricane,颶風,n
retailer,零售商,n
classify,分類,v
wound,傷口,v
coup,政變,n
aid,援助,v
ambassador,大使,n
density,密度,n
supportive,支持的,j
curiosity,好奇心,n
skip,跳過,v
aggression,侵略,n
stimulus,刺激,n
journalism,新聞學,n
robot,機器人,n
flood,洪水,v
dip,沾,v
likewise,同樣地,r
informal,非正式的,j
Persian,波斯語,j
feather,羽毛,n
sphere,領域,n
tighten,收緊,v
boast,誇,v
pat,拍,v
perceived,感知到的,j
sole,唯一,j
publicity,宣傳,n
major,主要的,n
unfold,展開,v
joke,開玩笑,v
well-being,福利,n
validity,有效性,n
ecosystem,生態系統,n
strictly,嚴格地,r
partial,部分的,j
collar,衣領,n
weed,雜草,n
compliance,遵守,n
streak,條紋,n
supposedly,據推測,r
added,額外,j
builder,建設者,n
glimpse,一瞥,n
premise,前提,n
specialty,專業,n
deem,認為,v
artifact,人工製品,n
sneak,潛行,v
monkey,猴,n
mentor,導師,n
two-thirds,三分之二,m
listener,聽眾,n
lightning,閃電,n
legally,合法地,r
sleeve,袖子,n
disappointment,失望,n
disturb,打擾,v
rib,肋骨,n
excessive,過多的,j
high-tech,高科技,j
debris,碎片,n
pile,樁,v
rod,桿,n
logical,邏輯的,j
liberal,自由主義,n
ash,灰,n
socially,社群上,r
parish,教區,n
slavery,奴隸制,n
blank,空白的,j
commodity,商品,n
cure,治癒,n
mineral,礦物,n
hunger,飢餓,n
dying,垂死,j
developmental,發展性的,j
faster,快點,j
spare,空閒的,v
halfway,半,r
cure,治癒,v
equality,平等,n
cemetery,公墓,n
harassment,騷擾,n
deliberately,故意地,r
fame,名聲,n
regret,後悔,v
striking,引人注目,j
likelihood,可能性,n
carrot,紅蘿蔔,n
atop,頂上,i
toll,收費,n
rim,輪緣,n
embarrassed,尷尬的,j
fucking,他媽的,j
cling,緊貼,v
isolated,孤立,j
blink,眨,v
suspicious,可疑的,j
wheelchair,輪椅,n
squad,隊,n
eligible,有資格的,j
processor,處理器,n
plunge,暴跌,v
this,這,r
sponsor,贊助,n
grin,咧嘴笑,n
color,顏色,v
demographic,人口統計,j
rain,雨,v
chill,寒意,n
refuge,避難所,n
steer,駕駛,v
legislator,立法者,n
rally,集會,n
programming,程式設計,n
cheer,歡呼,v
outlet,出路,n
intact,完好無損的,j
vendor,小販,n
thrive,蓬勃發展,v
peanut,花生,n
chew,嚼,v
elaborate,精心製作的,j
intellectual,知識分子,n
conception,概念,n
auction,拍賣,n
steak,牛排,n
comply,遵守,v
triumph,勝利,n
shareholder,股東,n
comparable,可比,j
transport,運輸,v
conscience,良心,n
calculation,計算,n
considerably,相當,r
interval,間隔,n
scratch,刮痕,v
awake,醒,j
jurisdiction,管轄權,n
inevitably,不可避免地,r
feminist,女性主義者,j
constraint,約束,n
emotionally,情感上地,r
expedition,遠徵,n
allegedly,據稱,r
compromise,妥協,v
strain,拉緊,v
similarity,相似,n
butt,屁股,n
lid,蓋,n
dumb,啞的,j
bulk,大部分,n
sprinkle,撒,v
mortality,死亡,n
philosophical,哲學的,j
conversion,轉換,n
patron,贊助人,n
municipal,市級,j
any,任何,r
liver,肝,n
harmony,和諧,n
solely,僅僅,r
tolerance,寬容,n
instant,立即的,n
goat,山羊,n
arm,手臂,v
blessing,祝福,n
banana,香蕉,n
running,跑步,n
palace,宮殿,n
formerly,以前,r
peasant,農民,n
neat,整潔的,j
grandparent,祖父母,n
lawmaker,立法者,n
supermarket,超市場,n
cruise,巡航,n
mobile,移動的,j
plain,清楚的,n
part,部分,i
calendar,日曆,n
widow,寡婦,n
deposit,訂金,n
beard,鬍鬚,n
brake,煞車,n
downtown,市中心,r
screening,篩選,n
impulse,衝動,n
forbid,禁止,v
fur,皮草,n
brutal,野蠻,j
predator,掠食者,n
poke,戳,v
opt,選擇,v
voluntary,自願,j
trouble,麻煩,v
valid,有效的,j
forum,論壇,n
dancing,跳舞,n
happily,高興地,r
soar,翱翔,v
removal,移動,n
autonomy,自治,n
enact,制定,v
round,圓形的,v
thread,線,n
light,光,i
landmark,地標,n
unhappy,不高興,j
offender,罪犯,n
coming,未來,j
privately,私下里,r
fraction,分數,n
distinctive,獨特的,j
tourism,旅遊,n
threshold,臨界點,n
calm,冷靜的,j
routinely,例行公事地,r
suite,套房,n
remark,評論,v
regulator,調節器,n
straw,稻草,n
theological,神學的,j
apart,分開,i
exhaust,排氣,v
globe,地球,n
fragile,脆弱的,j
objection,異議,n
chemistry,化學,n
old-fashioned,老式的,j
crowded,擠,j
circle,圓圈,v
blast,霹靂,n
prevail,佔上風,v
overnight,過夜,r
denial,拒絕,n
rental,出租,n
fantastic,極佳的,j
fragment,分段,n
level,等級,j
screw,擰緊,v
warmth,溫暖,n
undergraduate,大學部,n
liquid,液體,j
headache,頭痛,n
policeman,警察,n
yield,屈服,n
projection,投影,n
battle,戰鬥,v
suitable,合適的,j
mention,提到,n
graduation,畢業,n
drill,鑽頭,v
cruel,殘忍的,j
mansion,大廈,n
regard,看待,n
grape,葡萄,n
authorize,授權,v
cottage,小屋,n
driveway,車道,n
charm,魅力,n
sexuality,性慾,n
loyal,忠誠,j
clay,黏土,n
pound,磅,v
balloon,氣球,n
invention,發明,n
ego,自我,n
fare,票價,n
homework,家庭作業,n
disc,光碟,n
sofa,沙發,n
guarantee,保證,n
availability,可用性,n
radar,雷達,n
frown,皺眉,v
regain,恢復,v
leave,離開,n
permit,允許,n
sweater,毛衣,n
rehabilitation,復原,n
rubber,橡皮,j
retreat,撤退,n
molecule,分子,n
freely,自由地,r
favorable,有利,j
steadily,穩定,r
veteran,老將,j
integrated,融合的,j
ha,哈,u
youngster,青少年,n
broadcast,pod送,v
premium,優質的,n
accountability,問責制,n
overwhelm,壓倒,v
one-third,三分之一,m
contemplate,沉思,v
update,更新,v
spark,火花,v
ironically,諷刺地,r
fatigue,疲勞,n
beyond,超過,r
speculate,推測,v
marker,標記,n
low,低的,r
preach,傳道,v
bucket,桶,n
bomb,炸彈,v
blond,金髮,j
confession,懺悔,n
provoke,惹,v
marble,大理石,n
substantially,實質上,r
twist,捻,n
defender,後衛,n
fish,魚,v
explicit,明確的,j
transport,運輸,n
disturbing,令人不安的,j
surveillance,監視,n
magnetic,磁的,j
technician,技術員,n
mutter,嘀咕,v
devastating,毀滅性的,j
depart,離開,v
arrow,箭,n
trauma,創傷,n
neighboring,鄰接,j
soak,浸泡,v
ribbon,絲帶,n
meantime,同時,n
transmit,傳送,v
screen,螢幕,v
harvest,收成,n
consecutive,連續的,j
republican,共和黨,j
coordinate,協調,v
worldwide,全世界,j
within,之內,r
spy,間諜,n
slot,投幣口,n
riot,暴動,n
nutrient,養分,n
citizenship,國籍,n
severely,嚴重,r
sovereignty,主權,n
ridge,嶺,n
brave,勇敢的,j
lighting,燈光,n
specify,指定,v
contributor,貢獻者,n
frustrate,阻撓,v
crowd,人群,v
articulate,表達清楚,v
importantly,重要的是,r
transit,過境,n
dense,稠密,j
seminar,研討會,n
electronics,電子產品,n
sunny,陽光明媚,j
shorts,短褲,n
swell,膨脹,v
accusation,指控,n
soften,軟化,v
photograph,照片,v
straighten,拉直,v
terribly,可怕,r
cue,提示,n
sudden,突然的,r
bride,新娘,n
biography,傳,n
hazard,冒險,n
compelling,引人注目的,j
seldom,很少,r
tile,瓦,n
economically,經濟上,r
honestly,誠實地,r
troubled,陷入困境的,j
bow,弓,v
twentieth,第二十,m
balanced,均衡,j
foreigner,外國人,n
launch,發射,n
convenience,方便,n
delight,喜,n
weave,編織,v
timber,木材,n
till,直到,c
accurately,準確,r
plea,懇求,n
bulb,電燈泡,n
copy,複製,v
flying,飛行,j
sustainable,可持續的,j
devil,魔鬼,n
bolt,螺栓,n
cargo,貨物,n
spine,脊椎,n
seller,賣方,n
skilled,熟練,j
managing,管理,j
public,民眾,r
marine,海洋,j
dock,碼頭,n
organized,有組織的,j
fog,多霧路段,n
diplomat,外交官,n
boring,無聊的,j
sometime,某個時候,r
summary,概括,n
missionary,傳道者,n
epidemic,流行性,n
fatal,致命的,j
trim,修剪,v
warehouse,倉庫,n
accelerate,加速,v
butterfly,蝴蝶,n
bronze,青銅,n
drown,淹死,v
inherent,固有,j
praise,稱讚,n
nationwide,全國,r
spit,吐,v
harvest,收成,v
kneel,下跪,v
vacuum,真空,n
selected,已選擇,j
dictate,聽寫,v
stereotype,刻板印象,n
sensor,感應器,n
laundry,洗衣店,n
manual,手動的,n
pistol,手槍,n
naval,海軍,j
plaintiff,原告,n
kid,孩子,v
middle-class,中產階級,j
apology,道歉,n
till,直到,i